model,experiment_id,feature,shap_value,feature_value
ElasticNet_SOLO_A_N_CT_grid,66,A_p1_mean,0.0,1.1146894206781635e-16
ElasticNet_SOLO_A_N_CT_grid,66,A_p1_std,-2.9202587361947185,29.501608088871755
ElasticNet_SOLO_A_N_CT_grid,66,A_p1_rms,-2.9251662455013028,29.501608088871755
ElasticNet_SOLO_A_N_CT_grid,66,A_p1_max,-0.0,188.4181374228045
ElasticNet_SOLO_A_N_CT_grid,66,A_p1_min,-0.0,-194.75685057719545
ElasticNet_SOLO_A_N_CT_grid,66,A_p1_peak_to_peak,-0.0,383.174988
ElasticNet_SOLO_A_N_CT_grid,66,A_p1_skewness,-3.89812695608046,-0.0449073725090268
ElasticNet_SOLO_A_N_CT_grid,66,A_p1_kurtosis,0.010265290616261006,0.3852658511827473
ElasticNet_SOLO_A_N_CT_grid,66,A_p1_crest_factor,-4.334127866001521,6.601567276960042
ElasticNet_SOLO_A_N_CT_grid,66,A_p1_energy,-2.342615875166778,3015.8320430967933
ElasticNet_SOLO_A_N_CT_grid,66,A_p1_absolute_mean,-3.2325038269141877,22.12122743731175
ElasticNet_SOLO_A_N_CT_grid,66,A_p1_duration_s,-1.7847660707211797,3.465079999999997
ElasticNet_SOLO_A_N_CT_grid,66,A_p1_n_samples,-1.7846625670585545,173255.0
ElasticNet_SOLO_A_N_CT_grid,66,A_p1_dominant_freq_hz,-2.7169185674047265,1878.1564746317213
ElasticNet_SOLO_A_N_CT_grid,66,A_p1_spectral_energy,-2.16255978215619,13062699515668.39
ElasticNet_SOLO_A_N_CT_grid,66,A_p1_spectral_centroid_hz,-0.3093875614002562,3764.345861010372
ElasticNet_SOLO_A_N_CT_grid,66,A_p2_mean,0.0,5.418742325978035e-16
ElasticNet_SOLO_A_N_CT_grid,66,A_p2_std,0.0,29.097757816604418
ElasticNet_SOLO_A_N_CT_grid,66,A_p2_rms,0.0,29.097757816604418
ElasticNet_SOLO_A_N_CT_grid,66,A_p2_max,-0.5923663233145706,225.6348624358021
ElasticNet_SOLO_A_N_CT_grid,66,A_p2_min,-2.621593832259899,-265.4716585641979
ElasticNet_SOLO_A_N_CT_grid,66,A_p2_peak_to_peak,-1.5752735756992085,491.106521
ElasticNet_SOLO_A_N_CT_grid,66,A_p2_skewness,-0.0,-0.0201190705868289
ElasticNet_SOLO_A_N_CT_grid,66,A_p2_kurtosis,-0.3572347740296468,0.614774917207614
ElasticNet_SOLO_A_N_CT_grid,66,A_p2_crest_factor,-3.363998217231364,9.123440377688087
ElasticNet_SOLO_A_N_CT_grid,66,A_p2_energy,0.07026039968119038,2786.2190641754464
ElasticNet_SOLO_A_N_CT_grid,66,A_p2_absolute_mean,0.13082312618938807,21.578814341543424
ElasticNet_SOLO_A_N_CT_grid,66,A_p2_duration_s,-1.2040384653643628,3.29074
ElasticNet_SOLO_A_N_CT_grid,66,A_p2_n_samples,-1.207490601538106,164538.0
ElasticNet_SOLO_A_N_CT_grid,66,A_p2_dominant_freq_hz,-1.4607745611424456,1882.2399689538256
ElasticNet_SOLO_A_N_CT_grid,66,A_p2_spectral_energy,0.04613105367114872,11460972809554.451
ElasticNet_SOLO_A_N_CT_grid,66,A_p2_spectral_centroid_hz,-0.9928969926420377,3235.404784602993
ElasticNet_SOLO_A_N_CT_grid,66,A_p3_mean,-0.0,8.590971402804422e-17
ElasticNet_SOLO_A_N_CT_grid,66,A_p3_std,0.0,31.59979706734486
ElasticNet_SOLO_A_N_CT_grid,66,A_p3_rms,0.0,31.59979706734486
ElasticNet_SOLO_A_N_CT_grid,66,A_p3_max,-0.8473786810951363,110.47706588829774
ElasticNet_SOLO_A_N_CT_grid,66,A_p3_min,-2.125302597264537,-110.76458811170224
ElasticNet_SOLO_A_N_CT_grid,66,A_p3_peak_to_peak,-1.620957764977384,221.241654
ElasticNet_SOLO_A_N_CT_grid,66,A_p3_skewness,-2.274593654738393,0.0856057175804861
ElasticNet_SOLO_A_N_CT_grid,66,A_p3_kurtosis,-0.47327971303605765,-0.0300328211597538
ElasticNet_SOLO_A_N_CT_grid,66,A_p3_crest_factor,-1.4821418190598223,3.5052309948587
ElasticNet_SOLO_A_N_CT_grid,66,A_p3_energy,0.33312665943049025,2698.97315848954
ElasticNet_SOLO_A_N_CT_grid,66,A_p3_absolute_mean,-0.0,24.30543147734069
ElasticNet_SOLO_A_N_CT_grid,66,A_p3_duration_s,0.2282475927111156,2.7028800000000004
ElasticNet_SOLO_A_N_CT_grid,66,A_p3_n_samples,0.22825633841714552,135145.0
ElasticNet_SOLO_A_N_CT_grid,66,A_p3_dominant_freq_hz,-0.0,1908.6906656536712
ElasticNet_SOLO_A_N_CT_grid,66,A_p3_spectral_energy,0.9981919594391215,9118818187601.72
ElasticNet_SOLO_A_N_CT_grid,66,A_p3_spectral_centroid_hz,-0.8784095786666954,3196.10555813906
ElasticNet_SOLO_A_N_CT_grid,66,A_p4_mean,1.1321679880498003,-1.783555778753575e-16
ElasticNet_SOLO_A_N_CT_grid,66,A_p4_std,0.12984078146222203,29.82078007578842
ElasticNet_SOLO_A_N_CT_grid,66,A_p4_rms,0.12990890691564763,29.82078007578842
ElasticNet_SOLO_A_N_CT_grid,66,A_p4_max,-1.170773259873989,112.25373299368287
ElasticNet_SOLO_A_N_CT_grid,66,A_p4_min,-1.9487314510918616,-115.4950310063171
ElasticNet_SOLO_A_N_CT_grid,66,A_p4_peak_to_peak,-1.7616672064496397,227.748764
ElasticNet_SOLO_A_N_CT_grid,66,A_p4_skewness,-0.587130123289276,0.0352542517936029
ElasticNet_SOLO_A_N_CT_grid,66,A_p4_kurtosis,-0.669092423642897,0.114476574651082
ElasticNet_SOLO_A_N_CT_grid,66,A_p4_crest_factor,-1.4720168070120239,3.872971488766917
ElasticNet_SOLO_A_N_CT_grid,66,A_p4_energy,0.16088075593344844,2128.4891053803567
ElasticNet_SOLO_A_N_CT_grid,66,A_p4_absolute_mean,0.03826921743585005,22.60326461665952
ElasticNet_SOLO_A_N_CT_grid,66,A_p4_duration_s,-1.369574781463123,2.3934799999999967
ElasticNet_SOLO_A_N_CT_grid,66,A_p4_n_samples,-1.3705204855766062,119675.0
ElasticNet_SOLO_A_N_CT_grid,66,A_p4_dominant_freq_hz,-1.5850403661066397,1792.354292944395
ElasticNet_SOLO_A_N_CT_grid,66,A_p4_spectral_energy,-0.06516406554361209,6368173342159.861
ElasticNet_SOLO_A_N_CT_grid,66,A_p4_spectral_centroid_hz,-2.080725229098669,3254.951202527221
ElasticNet_SOLO_A_N_CT_grid,66,A_p5_mean,-0.061950167530148,-2.4400397214194545e-16
ElasticNet_SOLO_A_N_CT_grid,66,A_p5_std,-0.0,24.64248146728395
ElasticNet_SOLO_A_N_CT_grid,66,A_p5_rms,-0.0,24.64248146728395
ElasticNet_SOLO_A_N_CT_grid,66,A_p5_max,-0.0,107.30704846145056
ElasticNet_SOLO_A_N_CT_grid,66,A_p5_min,-0.41474742959440214,-101.49666253854944
ElasticNet_SOLO_A_N_CT_grid,66,A_p5_peak_to_peak,-0.0,208.803711
ElasticNet_SOLO_A_N_CT_grid,66,A_p5_skewness,1.2579054464763593,0.0488689781542319
ElasticNet_SOLO_A_N_CT_grid,66,A_p5_kurtosis,0.0,0.4525628241902928
ElasticNet_SOLO_A_N_CT_grid,66,A_p5_crest_factor,-1.6420653765758282,4.354555307423662
ElasticNet_SOLO_A_N_CT_grid,66,A_p5_energy,0.0,1307.1461345064176
ElasticNet_SOLO_A_N_CT_grid,66,A_p5_absolute_mean,-0.49897756510184227,18.12846003472059
ElasticNet_SOLO_A_N_CT_grid,66,A_p5_duration_s,-2.714348481886291,2.152540000000002
ElasticNet_SOLO_A_N_CT_grid,66,A_p5_n_samples,-2.7135956131935135,107628.0
ElasticNet_SOLO_A_N_CT_grid,66,A_p5_dominant_freq_hz,-0.5575176384472572,2122.5889174624504
ElasticNet_SOLO_A_N_CT_grid,66,A_p5_spectral_energy,0.038529816674594715,3517138104119.414
ElasticNet_SOLO_A_N_CT_grid,66,A_p5_spectral_centroid_hz,-0.8906321185167985,3404.552110382977
ElasticNet_SOLO_A_N_CT_grid,66,A_p6_mean,-0.34699491148071065,5.597565961084093e-18
ElasticNet_SOLO_A_N_CT_grid,66,A_p6_std,-1.2303867477425066,22.969567647750083
ElasticNet_SOLO_A_N_CT_grid,66,A_p6_rms,-1.2346953105488214,22.969567647750083
ElasticNet_SOLO_A_N_CT_grid,66,A_p6_max,-0.0,117.99255123477025
ElasticNet_SOLO_A_N_CT_grid,66,A_p6_min,-0.0,-145.29317776522976
ElasticNet_SOLO_A_N_CT_grid,66,A_p6_peak_to_peak,-0.0,263.285729
ElasticNet_SOLO_A_N_CT_grid,66,A_p6_skewness,-0.12230362777522513,0.0428218442824316
ElasticNet_SOLO_A_N_CT_grid,66,A_p6_kurtosis,-0.31467845126126276,1.3768218127992666
ElasticNet_SOLO_A_N_CT_grid,66,A_p6_crest_factor,0.014881802003686558,6.325464196513143
ElasticNet_SOLO_A_N_CT_grid,66,A_p6_energy,0.044188274269370255,1098.349288730607
ElasticNet_SOLO_A_N_CT_grid,66,A_p6_absolute_mean,-2.824346586626343,15.55883696785423
ElasticNet_SOLO_A_N_CT_grid,66,A_p6_duration_s,-3.3255608452799783,2.0817600000000027
ElasticNet_SOLO_A_N_CT_grid,66,A_p6_n_samples,-3.325020369266469,104089.0
ElasticNet_SOLO_A_N_CT_grid,66,A_p6_dominant_freq_hz,-0.7862853878491924,1575.094390437095
ElasticNet_SOLO_A_N_CT_grid,66,A_p6_spectral_energy,1.011575351363449,2858151977866.9995
ElasticNet_SOLO_A_N_CT_grid,66,A_p6_spectral_centroid_hz,-0.6167720715442653,3455.3603706827407
ElasticNet_SOLO_A_N_CT_grid,66,A_rms_mean_6_contacts,-0.0,27.93866536060725
ElasticNet_SOLO_A_N_CT_grid,66,A_rms_std_6_contacts,-2.4085831328790706,3.062931243299781
ElasticNet_SOLO_A_N_CT_grid,66,A_energy_total_6_contacts,-0.0,13035.008794379162
ElasticNet_SOLO_A_N_CT_grid,66,A_to_R_rms_ratio,1.0328143914625705,1.2235991275431384
ElasticNet_SOLO_A_N_CT_grid,66,A_to_R_energy_ratio,1.179134450613675,1.5337506473860574
ElasticNet_SOLO_A_N_CT_grid,67,A_p1_mean,-0.0,3.647695450582841e-16
ElasticNet_SOLO_A_N_CT_grid,67,A_p1_std,-1.3042449523788129,36.19086843396469
ElasticNet_SOLO_A_N_CT_grid,67,A_p1_rms,-1.306436742497453,36.19086843396469
ElasticNet_SOLO_A_N_CT_grid,67,A_p1_max,0.0,218.84050515052635
ElasticNet_SOLO_A_N_CT_grid,67,A_p1_min,-0.0,-206.52262384947363
ElasticNet_SOLO_A_N_CT_grid,67,A_p1_peak_to_peak,0.0,425.363129
ElasticNet_SOLO_A_N_CT_grid,67,A_p1_skewness,1.3027082305522917,0.07476088463034
ElasticNet_SOLO_A_N_CT_grid,67,A_p1_kurtosis,-0.21390434284017237,0.8198567265132479
ElasticNet_SOLO_A_N_CT_grid,67,A_p1_crest_factor,-2.5139175366097186,6.046843157406723
ElasticNet_SOLO_A_N_CT_grid,67,A_p1_energy,-1.2213249316658834,4518.946969748946
ElasticNet_SOLO_A_N_CT_grid,67,A_p1_absolute_mean,-1.5822705324008763,26.96366281546038
ElasticNet_SOLO_A_N_CT_grid,67,A_p1_duration_s,-1.611972901620681,3.450139999999997
ElasticNet_SOLO_A_N_CT_grid,67,A_p1_n_samples,-1.611879418725579,172508.0
ElasticNet_SOLO_A_N_CT_grid,67,A_p1_dominant_freq_hz,-2.5501091623335004,1996.1393095568687
ElasticNet_SOLO_A_N_CT_grid,67,A_p1_spectral_energy,-1.0479911467633252,19488862596478.586
ElasticNet_SOLO_A_N_CT_grid,67,A_p1_spectral_centroid_hz,0.1288950511458576,6213.066407392224
ElasticNet_SOLO_A_N_CT_grid,67,A_p2_mean,0.0,3.0752726984100315e-16
ElasticNet_SOLO_A_N_CT_grid,67,A_p2_std,0.0,29.52623158917432
ElasticNet_SOLO_A_N_CT_grid,67,A_p2_rms,0.0,29.52623158917432
ElasticNet_SOLO_A_N_CT_grid,67,A_p2_max,-0.2702278884955014,208.3479921146956
ElasticNet_SOLO_A_N_CT_grid,67,A_p2_min,-0.35527658577659593,-207.9147948853044
ElasticNet_SOLO_A_N_CT_grid,67,A_p2_peak_to_peak,-0.3767168151085562,416.262787
ElasticNet_SOLO_A_N_CT_grid,67,A_p2_skewness,0.0,0.1590497561488215
ElasticNet_SOLO_A_N_CT_grid,67,A_p2_kurtosis,0.36111581478805815,0.8949371054152806
ElasticNet_SOLO_A_N_CT_grid,67,A_p2_crest_factor,-1.0284035918637453,7.056369231727005
ElasticNet_SOLO_A_N_CT_grid,67,A_p2_energy,0.084717390963365,2658.0608669125763
ElasticNet_SOLO_A_N_CT_grid,67,A_p2_absolute_mean,0.10453082306288099,22.29125997165228
ElasticNet_SOLO_A_N_CT_grid,67,A_p2_duration_s,-0.029823941790557803,3.0489200000000025
ElasticNet_SOLO_A_N_CT_grid,67,A_p2_n_samples,-0.029909450942672843,152447.0
ElasticNet_SOLO_A_N_CT_grid,67,A_p2_dominant_freq_hz,-1.176329128169258,2207.652495705006
ElasticNet_SOLO_A_N_CT_grid,67,A_p2_spectral_energy,0.08642608688221658,10130335124455.527
ElasticNet_SOLO_A_N_CT_grid,67,A_p2_spectral_centroid_hz,0.2782645623066982,6191.393099269449
ElasticNet_SOLO_A_N_CT_grid,67,A_p3_mean,0.0,-7.013931375763617e-17
ElasticNet_SOLO_A_N_CT_grid,67,A_p3_std,0.0,18.964459752547192
ElasticNet_SOLO_A_N_CT_grid,67,A_p3_rms,0.0,18.964459752547192
ElasticNet_SOLO_A_N_CT_grid,67,A_p3_max,-0.3401163867378323,149.61551145842137
ElasticNet_SOLO_A_N_CT_grid,67,A_p3_min,-1.3414945996475494,-135.97686554157863
ElasticNet_SOLO_A_N_CT_grid,67,A_p3_peak_to_peak,-0.8410356075102162,285.592377
ElasticNet_SOLO_A_N_CT_grid,67,A_p3_skewness,-3.4569710307161747,0.1212272876840083
ElasticNet_SOLO_A_N_CT_grid,67,A_p3_kurtosis,1.1815619698681907,4.599586669317163
ElasticNet_SOLO_A_N_CT_grid,67,A_p3_crest_factor,1.0286534896691577,7.889257770094185
ElasticNet_SOLO_A_N_CT_grid,67,A_p3_energy,1.437004141422427,2239.9766996676
ElasticNet_SOLO_A_N_CT_grid,67,A_p3_absolute_mean,0.0,11.438348015317793
ElasticNet_SOLO_A_N_CT_grid,67,A_p3_duration_s,-2.718163281955636,6.228180000000002
ElasticNet_SOLO_A_N_CT_grid,67,A_p3_n_samples,-2.718267433139557,311410.0
ElasticNet_SOLO_A_N_CT_grid,67,A_p3_dominant_freq_hz,0.0,5531.45371075178
ElasticNet_SOLO_A_N_CT_grid,67,A_p3_spectral_energy,-6.219380042116875,17438778601095.809
ElasticNet_SOLO_A_N_CT_grid,67,A_p3_spectral_centroid_hz,0.20960231435112645,6232.580177517068
ElasticNet_SOLO_A_N_CT_grid,67,A_p4_mean,-2.7425251865721667,5.938499906782609e-16
ElasticNet_SOLO_A_N_CT_grid,67,A_p4_std,0.4143042666835266,28.513059857203075
ElasticNet_SOLO_A_N_CT_grid,67,A_p4_rms,0.41452164573582534,28.513059857203075
ElasticNet_SOLO_A_N_CT_grid,67,A_p4_max,0.21176691657839966,203.7373003007648
ElasticNet_SOLO_A_N_CT_grid,67,A_p4_min,-0.8533103926362464,-165.77515069923518
ElasticNet_SOLO_A_N_CT_grid,67,A_p4_peak_to_peak,-0.2654818116852696,369.512451
ElasticNet_SOLO_A_N_CT_grid,67,A_p4_skewness,-0.6045163845485347,0.0392187541249889
ElasticNet_SOLO_A_N_CT_grid,67,A_p4_kurtosis,-0.6482149309769785,0.5922114692550609
ElasticNet_SOLO_A_N_CT_grid,67,A_p4_crest_factor,-0.36022904296177805,7.1454028898023
ElasticNet_SOLO_A_N_CT_grid,67,A_p4_energy,0.8056569884929087,1796.4741287744628
ElasticNet_SOLO_A_N_CT_grid,67,A_p4_absolute_mean,0.23745195206709768,21.77574120012597
ElasticNet_SOLO_A_N_CT_grid,67,A_p4_duration_s,-0.32439302701043865,2.209680000000006
ElasticNet_SOLO_A_N_CT_grid,67,A_p4_n_samples,-0.3246170234099926,110485.0
ElasticNet_SOLO_A_N_CT_grid,67,A_p4_dominant_freq_hz,-1.2552652542514664,2074.489749818319
ElasticNet_SOLO_A_N_CT_grid,67,A_p4_spectral_energy,0.9738797588649553,4962086102941.15
ElasticNet_SOLO_A_N_CT_grid,67,A_p4_spectral_centroid_hz,0.10094719495001156,6025.819251031662
ElasticNet_SOLO_A_N_CT_grid,67,A_p5_mean,-0.7294615517960963,-6.587845075899256e-16
ElasticNet_SOLO_A_N_CT_grid,67,A_p5_std,-0.0,27.48780760288125
ElasticNet_SOLO_A_N_CT_grid,67,A_p5_rms,-0.0,27.48780760288125
ElasticNet_SOLO_A_N_CT_grid,67,A_p5_max,-0.0,137.00947439044947
ElasticNet_SOLO_A_N_CT_grid,67,A_p5_min,-0.04190113091122195,-164.52652160955054
ElasticNet_SOLO_A_N_CT_grid,67,A_p5_peak_to_peak,-0.0,301.535996
ElasticNet_SOLO_A_N_CT_grid,67,A_p5_skewness,-0.664675214849478,6.171909846714633e-05
ElasticNet_SOLO_A_N_CT_grid,67,A_p5_kurtosis,-0.0,1.1121135411079264
ElasticNet_SOLO_A_N_CT_grid,67,A_p5_crest_factor,0.6421499082292121,5.98543630639735
ElasticNet_SOLO_A_N_CT_grid,67,A_p5_energy,0.0,1798.4153733370076
ElasticNet_SOLO_A_N_CT_grid,67,A_p5_absolute_mean,-0.3190587137530455,20.228915106631558
ElasticNet_SOLO_A_N_CT_grid,67,A_p5_duration_s,-6.682390416884479,2.380160000000004
ElasticNet_SOLO_A_N_CT_grid,67,A_p5_n_samples,-6.680536947231867,119009.0
ElasticNet_SOLO_A_N_CT_grid,67,A_p5_dominant_freq_hz,-0.8081572971626123,1998.5883414237849
ElasticNet_SOLO_A_N_CT_grid,67,A_p5_spectral_energy,-0.00594754099304287,5350690379136.592
ElasticNet_SOLO_A_N_CT_grid,67,A_p5_spectral_centroid_hz,0.2752595698591908,6275.018278843798
ElasticNet_SOLO_A_N_CT_grid,67,A_p6_mean,1.433361601699579,3.467988555454644e-16
ElasticNet_SOLO_A_N_CT_grid,67,A_p6_std,-0.9513104814091696,25.02055786546273
ElasticNet_SOLO_A_N_CT_grid,67,A_p6_rms,-0.9546417761951201,25.02055786546273
ElasticNet_SOLO_A_N_CT_grid,67,A_p6_max,-0.0,159.94040946014073
ElasticNet_SOLO_A_N_CT_grid,67,A_p6_min,-0.0,-181.5506795398593
ElasticNet_SOLO_A_N_CT_grid,67,A_p6_peak_to_peak,-0.0,341.491089
ElasticNet_SOLO_A_N_CT_grid,67,A_p6_skewness,0.06960898497486163,-0.0833759157490884
ElasticNet_SOLO_A_N_CT_grid,67,A_p6_kurtosis,-0.5946146688987561,1.5884987336186924
ElasticNet_SOLO_A_N_CT_grid,67,A_p6_crest_factor,-0.16997590535674012,7.256060417040651
ElasticNet_SOLO_A_N_CT_grid,67,A_p6_energy,0.02106647322609952,1464.2677103213712
ElasticNet_SOLO_A_N_CT_grid,67,A_p6_absolute_mean,-1.913175948531265,18.21431949733162
ElasticNet_SOLO_A_N_CT_grid,67,A_p6_duration_s,-6.046228084725983,2.33896
ElasticNet_SOLO_A_N_CT_grid,67,A_p6_n_samples,-6.045245441074627,116949.0
ElasticNet_SOLO_A_N_CT_grid,67,A_p6_dominant_freq_hz,1.8019153622722937,4825.607742014618
ElasticNet_SOLO_A_N_CT_grid,67,A_p6_spectral_energy,-0.21851792275226825,4281116111359.3486
ElasticNet_SOLO_A_N_CT_grid,67,A_p6_spectral_centroid_hz,0.2723468736786421,6633.4039149487735
ElasticNet_SOLO_A_N_CT_grid,67,A_rms_mean_6_contacts,-0.0,27.617164183538875
ElasticNet_SOLO_A_N_CT_grid,67,A_rms_std_6_contacts,0.06864199288081389,5.157259664092534
ElasticNet_SOLO_A_N_CT_grid,67,A_energy_total_6_contacts,-0.0,14476.141748761962
ElasticNet_SOLO_A_N_CT_grid,67,A_to_R_rms_ratio,-1.6484103216644015,1.4436752955432384
ElasticNet_SOLO_A_N_CT_grid,67,A_to_R_energy_ratio,-2.060017513820539,2.1415879464423373
ElasticNet_SOLO_A_N_CT_grid,68,A_p1_mean,-0.0,5.707455678240293e-16
ElasticNet_SOLO_A_N_CT_grid,68,A_p1_std,-0.9931621577647414,37.478551634994645
ElasticNet_SOLO_A_N_CT_grid,68,A_p1_rms,-0.9948311717023656,37.478551634994645
ElasticNet_SOLO_A_N_CT_grid,68,A_p1_max,0.0,204.74648560106303
ElasticNet_SOLO_A_N_CT_grid,68,A_p1_min,0.0,-268.303425398937
ElasticNet_SOLO_A_N_CT_grid,68,A_p1_peak_to_peak,0.0,473.04991100000007
ElasticNet_SOLO_A_N_CT_grid,68,A_p1_skewness,-3.395294603459458,-0.03333748630573
ElasticNet_SOLO_A_N_CT_grid,68,A_p1_kurtosis,-0.11208282865677056,0.6224584424809838
ElasticNet_SOLO_A_N_CT_grid,68,A_p1_crest_factor,-6.162742120940172,7.158852562178938
ElasticNet_SOLO_A_N_CT_grid,68,A_p1_energy,-0.9846746467985792,4836.18182983791
ElasticNet_SOLO_A_N_CT_grid,68,A_p1_absolute_mean,-1.1376465518319923,28.268364944934152
ElasticNet_SOLO_A_N_CT_grid,68,A_p1_duration_s,-1.5291617175002437,3.4429799999999986
ElasticNet_SOLO_A_N_CT_grid,68,A_p1_n_samples,-1.5290730370613148,172150.0
ElasticNet_SOLO_A_N_CT_grid,68,A_p1_dominant_freq_hz,1.695651405094668,4999.128667049552
ElasticNet_SOLO_A_N_CT_grid,68,A_p1_spectral_energy,-0.8182052295286348,20813717550164.938
ElasticNet_SOLO_A_N_CT_grid,68,A_p1_spectral_centroid_hz,0.22823151944197234,6768.06732223256
ElasticNet_SOLO_A_N_CT_grid,68,A_p2_mean,-0.0,-4.153886577131594e-16
ElasticNet_SOLO_A_N_CT_grid,68,A_p2_std,-0.0,33.883532223544655
ElasticNet_SOLO_A_N_CT_grid,68,A_p2_rms,-0.0,33.883532223544655
ElasticNet_SOLO_A_N_CT_grid,68,A_p2_max,-0.1471782120476412,201.7447943279956
ElasticNet_SOLO_A_N_CT_grid,68,A_p2_min,-0.3514963148746716,-207.8187886720044
ElasticNet_SOLO_A_N_CT_grid,68,A_p2_peak_to_peak,-0.2694349383815619,409.563583
ElasticNet_SOLO_A_N_CT_grid,68,A_p2_skewness,-0.0,-0.0411728537658647
ElasticNet_SOLO_A_N_CT_grid,68,A_p2_kurtosis,-0.43704167784794534,0.58364961828552
ElasticNet_SOLO_A_N_CT_grid,68,A_p2_crest_factor,0.01454652214039474,6.133327166156464
ElasticNet_SOLO_A_N_CT_grid,68,A_p2_energy,-0.0026829144890703122,3432.846254022766
ElasticNet_SOLO_A_N_CT_grid,68,A_p2_absolute_mean,-0.03212439491381836,25.994222485458
ElasticNet_SOLO_A_N_CT_grid,68,A_p2_duration_s,0.25617901676745997,2.990020000000001
ElasticNet_SOLO_A_N_CT_grid,68,A_p2_n_samples,0.25691351560298514,149502.0
ElasticNet_SOLO_A_N_CT_grid,68,A_p2_dominant_freq_hz,-1.1090820280219098,2284.584821694227
ElasticNet_SOLO_A_N_CT_grid,68,A_p2_spectral_energy,0.004660332082733523,12830434516776.316
ElasticNet_SOLO_A_N_CT_grid,68,A_p2_spectral_centroid_hz,0.47407499798864977,6646.735189747428
ElasticNet_SOLO_A_N_CT_grid,68,A_p3_mean,-0.0,6.880821591602178e-16
ElasticNet_SOLO_A_N_CT_grid,68,A_p3_std,-0.0,32.94183744198219
ElasticNet_SOLO_A_N_CT_grid,68,A_p3_rms,-0.0,32.94183744198219
ElasticNet_SOLO_A_N_CT_grid,68,A_p3_max,0.7550208033180464,234.1121669000126
ElasticNet_SOLO_A_N_CT_grid,68,A_p3_min,0.5008006618743164,-195.2368620999874
ElasticNet_SOLO_A_N_CT_grid,68,A_p3_peak_to_peak,0.901275790888476,429.349029
ElasticNet_SOLO_A_N_CT_grid,68,A_p3_skewness,-1.9697774301365245,0.0764224967797944
ElasticNet_SOLO_A_N_CT_grid,68,A_p3_kurtosis,-0.22326025497451765,0.6694268117452968
ElasticNet_SOLO_A_N_CT_grid,68,A_p3_crest_factor,0.5805480616104027,7.106833895113943
ElasticNet_SOLO_A_N_CT_grid,68,A_p3_energy,-0.22167649794846478,2929.6624231356973
ElasticNet_SOLO_A_N_CT_grid,68,A_p3_absolute_mean,-0.0,25.019808630228727
ElasticNet_SOLO_A_N_CT_grid,68,A_p3_duration_s,0.23088868945860644,2.6997200000000063
ElasticNet_SOLO_A_N_CT_grid,68,A_p3_n_samples,0.23089753636288604,134987.0
ElasticNet_SOLO_A_N_CT_grid,68,A_p3_dominant_freq_hz,-0.0,2282.812419060101
ElasticNet_SOLO_A_N_CT_grid,68,A_p3_spectral_energy,0.33208987027116493,9886658537795.436
ElasticNet_SOLO_A_N_CT_grid,68,A_p3_spectral_centroid_hz,0.5027171218240143,7050.618729454768
ElasticNet_SOLO_A_N_CT_grid,68,A_p4_mean,1.2341450703814854,-1.9867906345020207e-16
ElasticNet_SOLO_A_N_CT_grid,68,A_p4_std,-0.2445735363552022,31.542017418981228
ElasticNet_SOLO_A_N_CT_grid,68,A_p4_rms,-0.24470186031376492,31.542017418981228
ElasticNet_SOLO_A_N_CT_grid,68,A_p4_max,0.8493185045073963,245.92449644844064
ElasticNet_SOLO_A_N_CT_grid,68,A_p4_min,2.84937241996653,-335.7292825515594
ElasticNet_SOLO_A_N_CT_grid,68,A_p4_peak_to_peak,1.9734748865806109,581.653779
ElasticNet_SOLO_A_N_CT_grid,68,A_p4_skewness,-0.37707634720798533,-0.0126432617990474
ElasticNet_SOLO_A_N_CT_grid,68,A_p4_kurtosis,-0.5766229915688248,2.23043346147166
ElasticNet_SOLO_A_N_CT_grid,68,A_p4_crest_factor,0.8283545276864291,10.643874743076058
ElasticNet_SOLO_A_N_CT_grid,68,A_p4_energy,-0.832679090881429,2640.10341843799
ElasticNet_SOLO_A_N_CT_grid,68,A_p4_absolute_mean,0.051576390596809185,22.54797871339613
ElasticNet_SOLO_A_N_CT_grid,68,A_p4_duration_s,-2.8488652145607,2.6536199999999965
ElasticNet_SOLO_A_N_CT_grid,68,A_p4_n_samples,-2.8508323824646524,132682.0
ElasticNet_SOLO_A_N_CT_grid,68,A_p4_dominant_freq_hz,-1.016066542274213,2279.1335675634086
ElasticNet_SOLO_A_N_CT_grid,68,A_p4_spectral_energy,-1.8306764915117468,8757355044143.32
ElasticNet_SOLO_A_N_CT_grid,68,A_p4_spectral_centroid_hz,0.9061952965013713,7048.537515750278
ElasticNet_SOLO_A_N_CT_grid,68,A_p5_mean,-0.3824163607769271,-4.431363650284704e-16
ElasticNet_SOLO_A_N_CT_grid,68,A_p5_std,0.0,34.81794119425339
ElasticNet_SOLO_A_N_CT_grid,68,A_p5_rms,0.0,34.81794119425339
ElasticNet_SOLO_A_N_CT_grid,68,A_p5_max,0.0,219.9935824958852
ElasticNet_SOLO_A_N_CT_grid,68,A_p5_min,0.07811747305446498,-184.8157285041148
ElasticNet_SOLO_A_N_CT_grid,68,A_p5_peak_to_peak,0.0,404.809311
ElasticNet_SOLO_A_N_CT_grid,68,A_p5_skewness,0.3906990517976245,0.0268537940783075
ElasticNet_SOLO_A_N_CT_grid,68,A_p5_kurtosis,-0.0,1.0728892853537264
ElasticNet_SOLO_A_N_CT_grid,68,A_p5_crest_factor,1.1084956351578183,6.318397209890013
ElasticNet_SOLO_A_N_CT_grid,68,A_p5_energy,-0.0,2542.533780535312
ElasticNet_SOLO_A_N_CT_grid,68,A_p5_absolute_mean,0.149609881488326,25.70036693360939
ElasticNet_SOLO_A_N_CT_grid,68,A_p5_duration_s,-1.7510148674060795,2.097280000000005
ElasticNet_SOLO_A_N_CT_grid,68,A_p5_n_samples,-1.7505291949571578,104865.0
ElasticNet_SOLO_A_N_CT_grid,68,A_p5_dominant_freq_hz,-0.24979698420427812,2274.829542831554
ElasticNet_SOLO_A_N_CT_grid,68,A_p5_spectral_energy,-0.037843210087247746,6665570122395.871
ElasticNet_SOLO_A_N_CT_grid,68,A_p5_spectral_centroid_hz,0.3973653823916738,6575.64706566973
ElasticNet_SOLO_A_N_CT_grid,68,A_p6_mean,-0.5355431922882474,-3.0537284606305975e-17
ElasticNet_SOLO_A_N_CT_grid,68,A_p6_std,0.05737628774359887,32.43360922754976
ElasticNet_SOLO_A_N_CT_grid,68,A_p6_rms,0.05757720777121626,32.43360922754976
ElasticNet_SOLO_A_N_CT_grid,68,A_p6_max,0.0,297.7657982924486
ElasticNet_SOLO_A_N_CT_grid,68,A_p6_min,0.0,-323.36283370755143
ElasticNet_SOLO_A_N_CT_grid,68,A_p6_peak_to_peak,0.0,621.128632
ElasticNet_SOLO_A_N_CT_grid,68,A_p6_skewness,0.002586715496960856,-0.0393034592328808
ElasticNet_SOLO_A_N_CT_grid,68,A_p6_kurtosis,-3.6097564808844043,3.868432141240557
ElasticNet_SOLO_A_N_CT_grid,68,A_p6_crest_factor,-0.7090832126954812,9.969992282970486
ElasticNet_SOLO_A_N_CT_grid,68,A_p6_energy,-0.04416552042554383,2496.608924120327
ElasticNet_SOLO_A_N_CT_grid,68,A_p6_absolute_mean,-0.4894397285045409,22.36360449489169
ElasticNet_SOLO_A_N_CT_grid,68,A_p6_duration_s,-6.409688918113795,2.3733199999999925
ElasticNet_SOLO_A_N_CT_grid,68,A_p6_n_samples,-6.408647204166883,118667.0
ElasticNet_SOLO_A_N_CT_grid,68,A_p6_dominant_freq_hz,-1.0349658599516462,1262.777351348189
ElasticNet_SOLO_A_N_CT_grid,68,A_p6_spectral_energy,-2.920392254074377,7406627279964.689
ElasticNet_SOLO_A_N_CT_grid,68,A_p6_spectral_centroid_hz,0.2521485969744172,6561.207722043371
ElasticNet_SOLO_A_N_CT_grid,68,A_rms_mean_6_contacts,0.0,33.84958152355098
ElasticNet_SOLO_A_N_CT_grid,68,A_rms_std_6_contacts,-3.7531047354866267,1.926228012160439
ElasticNet_SOLO_A_N_CT_grid,68,A_energy_total_6_contacts,0.0,18877.93663009
ElasticNet_SOLO_A_N_CT_grid,68,A_to_R_rms_ratio,-2.4705470867266026,1.5111566625249246
ElasticNet_SOLO_A_N_CT_grid,68,A_to_R_energy_ratio,-2.3287571781184524,2.192017810026915
ElasticNet_SOLO_A_N_CT_grid,69,A_p1_mean,-0.0,1.1279473231157089e-15
ElasticNet_SOLO_A_N_CT_grid,69,A_p1_std,0.9346994197711518,45.45866178664682
ElasticNet_SOLO_A_N_CT_grid,69,A_p1_rms,0.9362701867872836,45.45866178664682
ElasticNet_SOLO_A_N_CT_grid,69,A_p1_max,0.0,206.5705021400005
ElasticNet_SOLO_A_N_CT_grid,69,A_p1_min,0.0,-246.6459278599995
ElasticNet_SOLO_A_N_CT_grid,69,A_p1_peak_to_peak,0.0,453.21643
ElasticNet_SOLO_A_N_CT_grid,69,A_p1_skewness,-8.440583175891945,-0.149426704395154
ElasticNet_SOLO_A_N_CT_grid,69,A_p1_kurtosis,-0.053330232267420466,0.5085565642511227
ElasticNet_SOLO_A_N_CT_grid,69,A_p1_crest_factor,-0.4758296806971958,5.425719063565793
ElasticNet_SOLO_A_N_CT_grid,69,A_p1_energy,0.3306920914065627,6599.459585426352
ElasticNet_SOLO_A_N_CT_grid,69,A_p1_absolute_mean,1.0630451654079374,34.72606244951891
ElasticNet_SOLO_A_N_CT_grid,69,A_p1_duration_s,1.355813389623528,3.1935399999999987
ElasticNet_SOLO_A_N_CT_grid,69,A_p1_n_samples,1.3557347621473494,159678.0
ElasticNet_SOLO_A_N_CT_grid,69,A_p1_dominant_freq_hz,2.056901153414285,5254.637458082921
ElasticNet_SOLO_A_N_CT_grid,69,A_p1_spectral_energy,0.14110340173369043,26344712693543.957
ElasticNet_SOLO_A_N_CT_grid,69,A_p1_spectral_centroid_hz,0.1889938065732825,6548.8430341951625
ElasticNet_SOLO_A_N_CT_grid,69,A_p2_mean,-0.0,-1.2391979428153973e-15
ElasticNet_SOLO_A_N_CT_grid,69,A_p2_std,-0.0,42.01195842339696
ElasticNet_SOLO_A_N_CT_grid,69,A_p2_rms,-0.0,42.01195842339696
ElasticNet_SOLO_A_N_CT_grid,69,A_p2_max,-0.6102656175884217,226.59538979145643
ElasticNet_SOLO_A_N_CT_grid,69,A_p2_min,-0.7429662103072171,-217.7608122085436
ElasticNet_SOLO_A_N_CT_grid,69,A_p2_peak_to_peak,-0.8266082178588364,444.356202
ElasticNet_SOLO_A_N_CT_grid,69,A_p2_skewness,0.0,0.0438884383697145
ElasticNet_SOLO_A_N_CT_grid,69,A_p2_kurtosis,-0.12662928255574032,0.7047128111966301
ElasticNet_SOLO_A_N_CT_grid,69,A_p2_crest_factor,0.8503764761556767,5.3935926411196
ElasticNet_SOLO_A_N_CT_grid,69,A_p2_energy,-0.20653028986258828,5239.910506516938
ElasticNet_SOLO_A_N_CT_grid,69,A_p2_absolute_mean,-0.2474945183043914,31.830132049079527
ElasticNet_SOLO_A_N_CT_grid,69,A_p2_duration_s,0.35941200316716454,2.968760000000003
ElasticNet_SOLO_A_N_CT_grid,69,A_p2_n_samples,0.3604424845123347,148439.0
ElasticNet_SOLO_A_N_CT_grid,69,A_p2_dominant_freq_hz,2.1813761578569064,6048.949400319272
ElasticNet_SOLO_A_N_CT_grid,69,A_p2_spectral_energy,-0.19565059152478792,19445176891921.664
ElasticNet_SOLO_A_N_CT_grid,69,A_p2_spectral_centroid_hz,0.7793417028535422,7356.609405911672
ElasticNet_SOLO_A_N_CT_grid,69,A_p3_mean,0.0,-5.079643460247822e-17
ElasticNet_SOLO_A_N_CT_grid,69,A_p3_std,-0.0,40.46852914694093
ElasticNet_SOLO_A_N_CT_grid,69,A_p3_rms,-0.0,40.46852914694093
ElasticNet_SOLO_A_N_CT_grid,69,A_p3_max,0.7683969003965613,235.1442161046779
ElasticNet_SOLO_A_N_CT_grid,69,A_p3_min,1.1965307862979846,-217.61599189532208
ElasticNet_SOLO_A_N_CT_grid,69,A_p3_peak_to_peak,1.1850161497113296,452.760208
ElasticNet_SOLO_A_N_CT_grid,69,A_p3_skewness,-1.013066145412723,0.0475995855925458
ElasticNet_SOLO_A_N_CT_grid,69,A_p3_kurtosis,-0.19838040949186775,0.7390311846327271
ElasticNet_SOLO_A_N_CT_grid,69,A_p3_crest_factor,-0.16185517760770055,5.810545158458095
ElasticNet_SOLO_A_N_CT_grid,69,A_p3_energy,-3.3131696059207605,4215.117024919196
ElasticNet_SOLO_A_N_CT_grid,69,A_p3_absolute_mean,-0.0,30.705272865029027
ElasticNet_SOLO_A_N_CT_grid,69,A_p3_duration_s,0.336148095907859,2.5737799999999997
ElasticNet_SOLO_A_N_CT_grid,69,A_p3_n_samples,0.3361609760105334,128690.0
ElasticNet_SOLO_A_N_CT_grid,69,A_p3_dominant_freq_hz,-0.0,2085.243608750945
ElasticNet_SOLO_A_N_CT_grid,69,A_p3_spectral_energy,-2.855478102480083,13561085248453.062
ElasticNet_SOLO_A_N_CT_grid,69,A_p3_spectral_centroid_hz,0.6206926397130216,7379.870337894749
ElasticNet_SOLO_A_N_CT_grid,69,A_p4_mean,-7.1542324637854335,1.473079589709669e-15
ElasticNet_SOLO_A_N_CT_grid,69,A_p4_std,-2.562083358924224,42.19594879926324
ElasticNet_SOLO_A_N_CT_grid,69,A_p4_rms,-2.56342764450673,42.19594879926324
ElasticNet_SOLO_A_N_CT_grid,69,A_p4_max,0.6653684608464765,233.75240446368815
ElasticNet_SOLO_A_N_CT_grid,69,A_p4_min,0.4534334457535822,-225.7550425363118
ElasticNet_SOLO_A_N_CT_grid,69,A_p4_peak_to_peak,0.6843326398609711,459.507447
ElasticNet_SOLO_A_N_CT_grid,69,A_p4_skewness,-0.5048307363239947,0.0164879335708311
ElasticNet_SOLO_A_N_CT_grid,69,A_p4_kurtosis,-0.6488941226956926,0.5766696803368223
ElasticNet_SOLO_A_N_CT_grid,69,A_p4_crest_factor,-0.9057603617572015,5.539688314053733
ElasticNet_SOLO_A_N_CT_grid,69,A_p4_energy,-3.228241463370304,3873.651655634383
ElasticNet_SOLO_A_N_CT_grid,69,A_p4_absolute_mean,-2.321074752159912,32.405381181191395
ElasticNet_SOLO_A_N_CT_grid,69,A_p4_duration_s,-0.13048281032464942,2.1755799999999965
ElasticNet_SOLO_A_N_CT_grid,69,A_p4_n_samples,-0.13057290991771003,108780.0
ElasticNet_SOLO_A_N_CT_grid,69,A_p4_dominant_freq_hz,-0.9851651915478501,2305.570877086732
ElasticNet_SOLO_A_N_CT_grid,69,A_p4_spectral_energy,-3.1438404579692496,10534395677909.39
ElasticNet_SOLO_A_N_CT_grid,69,A_p4_spectral_centroid_hz,1.1264888848058736,7328.324920309651
ElasticNet_SOLO_A_N_CT_grid,69,A_p5_mean,-0.32858865213292915,-4.096887170339008e-16
ElasticNet_SOLO_A_N_CT_grid,69,A_p5_std,0.0,40.768994697551
ElasticNet_SOLO_A_N_CT_grid,69,A_p5_rms,0.0,40.768994697551
ElasticNet_SOLO_A_N_CT_grid,69,A_p5_max,0.0,214.6632734736672
ElasticNet_SOLO_A_N_CT_grid,69,A_p5_min,0.4165907795905436,-242.03481552633284
ElasticNet_SOLO_A_N_CT_grid,69,A_p5_peak_to_peak,0.0,456.698089
ElasticNet_SOLO_A_N_CT_grid,69,A_p5_skewness,-3.8131194867776914,-0.0798657129691519
ElasticNet_SOLO_A_N_CT_grid,69,A_p5_kurtosis,-0.0,0.7694231270987575
ElasticNet_SOLO_A_N_CT_grid,69,A_p5_crest_factor,0.5739421177780463,5.936737398650448
ElasticNet_SOLO_A_N_CT_grid,69,A_p5_energy,-0.0,3182.4770373027072
ElasticNet_SOLO_A_N_CT_grid,69,A_p5_absolute_mean,0.5789045765758746,30.712149817288548
ElasticNet_SOLO_A_N_CT_grid,69,A_p5_duration_s,1.4318561302741217,1.9147000000000036
ElasticNet_SOLO_A_N_CT_grid,69,A_p5_n_samples,1.431458981691302,95736.0
ElasticNet_SOLO_A_N_CT_grid,69,A_p5_dominant_freq_hz,-0.37189541794426234,2214.422996657745
ElasticNet_SOLO_A_N_CT_grid,69,A_p5_spectral_energy,-0.0609210590054546,7616940541085.773
ElasticNet_SOLO_A_N_CT_grid,69,A_p5_spectral_centroid_hz,0.595810419623112,7064.22569724506
ElasticNet_SOLO_A_N_CT_grid,69,A_p6_mean,-5.675107602189465,-1.0155231520872745e-15
ElasticNet_SOLO_A_N_CT_grid,69,A_p6_std,1.6165355103855923,43.89219850678147
ElasticNet_SOLO_A_N_CT_grid,69,A_p6_rms,1.6221962872006175,43.89219850678147
ElasticNet_SOLO_A_N_CT_grid,69,A_p6_max,0.0,231.447324763888
ElasticNet_SOLO_A_N_CT_grid,69,A_p6_min,0.0,-237.112443236112
ElasticNet_SOLO_A_N_CT_grid,69,A_p6_peak_to_peak,0.0,468.559768
ElasticNet_SOLO_A_N_CT_grid,69,A_p6_skewness,0.08573937483224968,-0.0939829260923239
ElasticNet_SOLO_A_N_CT_grid,69,A_p6_kurtosis,0.3941911605812367,0.8408020795770632
ElasticNet_SOLO_A_N_CT_grid,69,A_p6_crest_factor,0.19829205718061363,5.402154626624078
ElasticNet_SOLO_A_N_CT_grid,69,A_p6_energy,-0.08428747834423872,3131.566533402788
ElasticNet_SOLO_A_N_CT_grid,69,A_p6_absolute_mean,3.0962433602604533,32.81358872437078
ElasticNet_SOLO_A_N_CT_grid,69,A_p6_duration_s,1.5009789992551483,1.6254800000000031
ElasticNet_SOLO_A_N_CT_grid,69,A_p6_n_samples,1.500735057501129,81275.0
ElasticNet_SOLO_A_N_CT_grid,69,A_p6_dominant_freq_hz,-0.26426495315693493,2230.6982467777743
ElasticNet_SOLO_A_N_CT_grid,69,A_p6_spectral_energy,-2.018178192960409,6362951750057.776
ElasticNet_SOLO_A_N_CT_grid,69,A_p6_spectral_centroid_hz,0.3932793315669004,7065.66173506265
ElasticNet_SOLO_A_N_CT_grid,69,A_rms_mean_6_contacts,0.0,42.46604856009673
ElasticNet_SOLO_A_N_CT_grid,69,A_rms_std_6_contacts,-3.9748950473949267,1.7387191140567366
ElasticNet_SOLO_A_N_CT_grid,69,A_energy_total_6_contacts,0.0,26242.18234320236
ElasticNet_SOLO_A_N_CT_grid,69,A_to_R_rms_ratio,-3.577745232483931,1.602035999844963
ElasticNet_SOLO_A_N_CT_grid,69,A_to_R_energy_ratio,-4.335279181356321,2.568548126707546
ElasticNet_SOLO_A_N_CT_grid,70,A_p1_mean,-0.0,3.701577560011969e-16
ElasticNet_SOLO_A_N_CT_grid,70,A_p1_std,-3.415047769700289,27.453498911733256
ElasticNet_SOLO_A_N_CT_grid,70,A_p1_rms,-3.4207867744345304,27.453498911733256
ElasticNet_SOLO_A_N_CT_grid,70,A_p1_max,-0.0,110.93266358280889
ElasticNet_SOLO_A_N_CT_grid,70,A_p1_min,-0.0,-113.21437841719111
ElasticNet_SOLO_A_N_CT_grid,70,A_p1_peak_to_peak,-0.0,224.147042
ElasticNet_SOLO_A_N_CT_grid,70,A_p1_skewness,-4.62058321479441,-0.0615306797735857
ElasticNet_SOLO_A_N_CT_grid,70,A_p1_kurtosis,0.19954831435999443,0.0183085889272414
ElasticNet_SOLO_A_N_CT_grid,70,A_p1_crest_factor,3.795947470516381,4.12385972298798
ElasticNet_SOLO_A_N_CT_grid,70,A_p1_energy,-2.816335434565619,2380.800658150169
ElasticNet_SOLO_A_N_CT_grid,70,A_p1_absolute_mean,-3.43031384809751,21.54077481408859
ElasticNet_SOLO_A_N_CT_grid,70,A_p1_duration_s,1.7573782377606648,3.158820000000002
ElasticNet_SOLO_A_N_CT_grid,70,A_p1_n_samples,1.7572763223964067,157942.0
ElasticNet_SOLO_A_N_CT_grid,70,A_p1_dominant_freq_hz,-2.3319053517491803,2150.472958509189
ElasticNet_SOLO_A_N_CT_grid,70,A_p1_spectral_energy,-2.797703664558459,9400710438919.207
ElasticNet_SOLO_A_N_CT_grid,70,A_p1_spectral_centroid_hz,-0.28727495842012224,3887.890769481368
ElasticNet_SOLO_A_N_CT_grid,70,A_p2_mean,0.0,2.313565425896186e-16
ElasticNet_SOLO_A_N_CT_grid,70,A_p2_std,0.0,30.51601710535648
ElasticNet_SOLO_A_N_CT_grid,70,A_p2_rms,0.0,30.51601710535648
ElasticNet_SOLO_A_N_CT_grid,70,A_p2_max,1.2381406533108674,127.40461945167148
ElasticNet_SOLO_A_N_CT_grid,70,A_p2_min,2.9046345650576515,-125.12397554832852
ElasticNet_SOLO_A_N_CT_grid,70,A_p2_peak_to_peak,2.245342671680919,252.528595
ElasticNet_SOLO_A_N_CT_grid,70,A_p2_skewness,-0.0,0.026247713949951
ElasticNet_SOLO_A_N_CT_grid,70,A_p2_kurtosis,-2.429119509037808,-0.1932758731861161
ElasticNet_SOLO_A_N_CT_grid,70,A_p2_crest_factor,2.227261565359725,4.175008128085894
ElasticNet_SOLO_A_N_CT_grid,70,A_p2_energy,0.0872325652156156,2635.7643743935646
ElasticNet_SOLO_A_N_CT_grid,70,A_p2_absolute_mean,0.031528902141203526,24.269401608767616
ElasticNet_SOLO_A_N_CT_grid,70,A_p2_duration_s,1.0312518901975185,2.8303999999999974
ElasticNet_SOLO_A_N_CT_grid,70,A_p2_n_samples,1.0342086246015916,141521.0
ElasticNet_SOLO_A_N_CT_grid,70,A_p2_dominant_freq_hz,-1.4448791812341208,1900.4246720287576
ElasticNet_SOLO_A_N_CT_grid,70,A_p2_spectral_energy,0.11080152569128536,9325400250713.797
ElasticNet_SOLO_A_N_CT_grid,70,A_p2_spectral_centroid_hz,-0.9843634093845925,3255.248975369334
ElasticNet_SOLO_A_N_CT_grid,70,A_p3_mean,0.0,-3.7913732543252753e-16
ElasticNet_SOLO_A_N_CT_grid,70,A_p3_std,-0.0,32.707445934364024
ElasticNet_SOLO_A_N_CT_grid,70,A_p3_rms,-0.0,32.707445934364024
ElasticNet_SOLO_A_N_CT_grid,70,A_p3_max,-0.9018515872460283,106.27414188596411
ElasticNet_SOLO_A_N_CT_grid,70,A_p3_min,-1.4833038844108768,-131.41537211403585
ElasticNet_SOLO_A_N_CT_grid,70,A_p3_peak_to_peak,-1.42161190126552,237.689514
ElasticNet_SOLO_A_N_CT_grid,70,A_p3_skewness,1.9812773219510127,-0.0426112201144854
ElasticNet_SOLO_A_N_CT_grid,70,A_p3_kurtosis,-0.5685186507107751,-0.2964752528837198
ElasticNet_SOLO_A_N_CT_grid,70,A_p3_crest_factor,-1.1885267017411176,4.017903824644544
ElasticNet_SOLO_A_N_CT_grid,70,A_p3_energy,0.47491476525464144,2640.01712438427
ElasticNet_SOLO_A_N_CT_grid,70,A_p3_absolute_mean,-0.0,26.275086979278896
ElasticNet_SOLO_A_N_CT_grid,70,A_p3_duration_s,0.42472513176216065,2.467800000000004
ElasticNet_SOLO_A_N_CT_grid,70,A_p3_n_samples,0.4247414058490093,123391.0
ElasticNet_SOLO_A_N_CT_grid,70,A_p3_dominant_freq_hz,-0.0,1887.495846608076
ElasticNet_SOLO_A_N_CT_grid,70,A_p3_spectral_energy,1.8439699498820192,8143858824872.474
ElasticNet_SOLO_A_N_CT_grid,70,A_p3_spectral_centroid_hz,-0.9852589987329833,2897.905185322705
ElasticNet_SOLO_A_N_CT_grid,70,A_p4_mean,0.15106062379341526,1.7173857846132957e-17
ElasticNet_SOLO_A_N_CT_grid,70,A_p4_std,-0.6648528862835235,33.47410301839513
ElasticNet_SOLO_A_N_CT_grid,70,A_p4_rms,-0.6652017243283144,33.47410301839513
ElasticNet_SOLO_A_N_CT_grid,70,A_p4_max,-1.1994485908789922,110.35626800949666
ElasticNet_SOLO_A_N_CT_grid,70,A_p4_min,-1.6269990132729009,-130.26263599050333
ElasticNet_SOLO_A_N_CT_grid,70,A_p4_peak_to_peak,-1.6258347101025836,240.618904
ElasticNet_SOLO_A_N_CT_grid,70,A_p4_skewness,-0.9235665568024372,0.1119701716303552
ElasticNet_SOLO_A_N_CT_grid,70,A_p4_kurtosis,-0.687028821405595,-0.2959579172611435
ElasticNet_SOLO_A_N_CT_grid,70,A_p4_crest_factor,-1.4657404965422536,3.891445154450284
ElasticNet_SOLO_A_N_CT_grid,70,A_p4_energy,-0.5312293607992573,2484.877744743736
ElasticNet_SOLO_A_N_CT_grid,70,A_p4_absolute_mean,-0.8950574809633907,26.480858222506875
ElasticNet_SOLO_A_N_CT_grid,70,A_p4_duration_s,-0.36943023862772256,2.2175999999999974
ElasticNet_SOLO_A_N_CT_grid,70,A_p4_n_samples,-0.3696853336404582,110881.0
ElasticNet_SOLO_A_N_CT_grid,70,A_p4_dominant_freq_hz,-1.4046543269665541,1946.6815776207968
ElasticNet_SOLO_A_N_CT_grid,70,A_p4_spectral_energy,-0.4494016051195685,6888143230373.262
ElasticNet_SOLO_A_N_CT_grid,70,A_p4_spectral_centroid_hz,-2.2820534265423795,2999.2510967686662
ElasticNet_SOLO_A_N_CT_grid,70,A_p5_mean,0.7957133528164212,2.889339560924226e-16
ElasticNet_SOLO_A_N_CT_grid,70,A_p5_std,-0.0,27.49708209641945
ElasticNet_SOLO_A_N_CT_grid,70,A_p5_rms,-0.0,27.49708209641945
ElasticNet_SOLO_A_N_CT_grid,70,A_p5_max,-0.0,118.49657433762351
ElasticNet_SOLO_A_N_CT_grid,70,A_p5_min,-0.15737701021151126,-145.00526466237648
ElasticNet_SOLO_A_N_CT_grid,70,A_p5_peak_to_peak,-0.0,263.501839
ElasticNet_SOLO_A_N_CT_grid,70,A_p5_skewness,1.1569631142746915,0.0463064232213937
ElasticNet_SOLO_A_N_CT_grid,70,A_p5_kurtosis,0.0,-0.038389479235275
ElasticNet_SOLO_A_N_CT_grid,70,A_p5_crest_factor,-0.35501999664117956,5.2734782604899895
ElasticNet_SOLO_A_N_CT_grid,70,A_p5_energy,0.0,1436.9178964336922
ElasticNet_SOLO_A_N_CT_grid,70,A_p5_absolute_mean,-0.21468766578731807,21.447390521613364
ElasticNet_SOLO_A_N_CT_grid,70,A_p5_duration_s,1.6804471064322108,1.900439999999996
ElasticNet_SOLO_A_N_CT_grid,70,A_p5_n_samples,1.6799810070993808,95023.0
ElasticNet_SOLO_A_N_CT_grid,70,A_p5_dominant_freq_hz,-2.05172655863011,1383.3492944337306
ElasticNet_SOLO_A_N_CT_grid,70,A_p5_spectral_energy,0.04104366474580044,3413506231820.476
ElasticNet_SOLO_A_N_CT_grid,70,A_p5_spectral_centroid_hz,-1.0461869642060404,3021.570632478217
ElasticNet_SOLO_A_N_CT_grid,70,A_p6_mean,-0.4865704434699574,-2.1151768319209162e-17
ElasticNet_SOLO_A_N_CT_grid,70,A_p6_std,-0.23725724328405473,30.268285397303043
ElasticNet_SOLO_A_N_CT_grid,70,A_p6_rms,-0.23808806963667767,30.268285397303043
ElasticNet_SOLO_A_N_CT_grid,70,A_p6_max,-0.0,133.4313235340408
ElasticNet_SOLO_A_N_CT_grid,70,A_p6_min,-0.0,-126.7329144659592
ElasticNet_SOLO_A_N_CT_grid,70,A_p6_peak_to_peak,-0.0,260.164238
ElasticNet_SOLO_A_N_CT_grid,70,A_p6_skewness,-0.09578608022925658,0.0253844541397191
ElasticNet_SOLO_A_N_CT_grid,70,A_p6_kurtosis,1.739217094095346,-0.1762544143319533
ElasticNet_SOLO_A_N_CT_grid,70,A_p6_crest_factor,0.39571804720000997,4.408288139966123
ElasticNet_SOLO_A_N_CT_grid,70,A_p6_energy,0.02957941159466367,1329.5445992153254
ElasticNet_SOLO_A_N_CT_grid,70,A_p6_absolute_mean,0.08343592216874135,24.0331724312623
ElasticNet_SOLO_A_N_CT_grid,70,A_p6_duration_s,3.344728221010396,1.4511800000000008
ElasticNet_SOLO_A_N_CT_grid,70,A_p6_n_samples,3.344184629881229,72560.0
ElasticNet_SOLO_A_N_CT_grid,70,A_p6_dominant_freq_hz,-0.41690171697717765,2039.0022051488568
ElasticNet_SOLO_A_N_CT_grid,70,A_p6_spectral_energy,1.3974333310880278,2411793902976.621
ElasticNet_SOLO_A_N_CT_grid,70,A_p6_spectral_centroid_hz,-0.7844835284380217,2855.896917851884
ElasticNet_SOLO_A_N_CT_grid,70,A_rms_mean_6_contacts,-0.0,30.319405410595227
ElasticNet_SOLO_A_N_CT_grid,70,A_rms_std_6_contacts,-3.305216002397694,2.304888027072597
ElasticNet_SOLO_A_N_CT_grid,70,A_energy_total_6_contacts,-0.0,12907.922397320755
ElasticNet_SOLO_A_N_CT_grid,70,A_to_R_rms_ratio,0.052612604924337704,1.304054544797817
ElasticNet_SOLO_A_N_CT_grid,70,A_to_R_energy_ratio,0.22326062553313603,1.7131234494203813
ElasticNet_SOLO_A_N_CT_grid,73,A_p1_mean,0.0,-4.240354250625519e-16
ElasticNet_SOLO_A_N_CT_grid,73,A_p1_std,-1.5899985925231428,35.00803168304922
ElasticNet_SOLO_A_N_CT_grid,73,A_p1_rms,-1.592670593052942,35.00803168304922
ElasticNet_SOLO_A_N_CT_grid,73,A_p1_max,-0.0,128.67730333840413
ElasticNet_SOLO_A_N_CT_grid,73,A_p1_min,-0.0,-148.7271606615959
ElasticNet_SOLO_A_N_CT_grid,73,A_p1_peak_to_peak,-0.0,277.404464
ElasticNet_SOLO_A_N_CT_grid,73,A_p1_skewness,-1.6229751078021766,0.007442576420454
ElasticNet_SOLO_A_N_CT_grid,73,A_p1_kurtosis,0.21582916504794256,-0.0132546029400266
ElasticNet_SOLO_A_N_CT_grid,73,A_p1_crest_factor,3.387384876911975,4.248372545138238
ElasticNet_SOLO_A_N_CT_grid,73,A_p1_energy,-1.658336460649306,3933.123498917053
ElasticNet_SOLO_A_N_CT_grid,73,A_p1_absolute_mean,-1.4154183350050646,27.453272973174236
ElasticNet_SOLO_A_N_CT_grid,73,A_p1_duration_s,1.1744615227229123,3.209219999999995
ElasticNet_SOLO_A_N_CT_grid,73,A_p1_n_samples,1.1743934123574529,160462.0
ElasticNet_SOLO_A_N_CT_grid,73,A_p1_dominant_freq_hz,-2.3805354331184825,2116.0773267992085
ElasticNet_SOLO_A_N_CT_grid,73,A_p1_spectral_energy,-1.6916253685485263,15777921572084.729
ElasticNet_SOLO_A_N_CT_grid,73,A_p1_spectral_centroid_hz,-0.32887168403849315,3655.4864856513855
ElasticNet_SOLO_A_N_CT_grid,73,A_p2_mean,0.0,3.2368097674407693e-16
ElasticNet_SOLO_A_N_CT_grid,73,A_p2_std,0.0,32.35526068983052
ElasticNet_SOLO_A_N_CT_grid,73,A_p2_rms,0.0,32.35526068983052
ElasticNet_SOLO_A_N_CT_grid,73,A_p2_max,1.38356612706751,119.60067234542652
ElasticNet_SOLO_A_N_CT_grid,73,A_p2_min,2.651243375497357,-131.55926265457347
ElasticNet_SOLO_A_N_CT_grid,73,A_p2_peak_to_peak,2.2672605612393153,251.159935
ElasticNet_SOLO_A_N_CT_grid,73,A_p2_skewness,0.0,0.1091998200031242
ElasticNet_SOLO_A_N_CT_grid,73,A_p2_kurtosis,-2.3826912311955573,-0.1751684920306182
ElasticNet_SOLO_A_N_CT_grid,73,A_p2_crest_factor,2.350333598649941,4.066085695174864
ElasticNet_SOLO_A_N_CT_grid,73,A_p2_energy,0.03822360210678473,3070.2185591653697
ElasticNet_SOLO_A_N_CT_grid,73,A_p2_absolute_mean,-0.013474008595452433,25.48885077388033
ElasticNet_SOLO_A_N_CT_grid,73,A_p2_duration_s,0.5342185652739341,2.932760000000002
ElasticNet_SOLO_A_N_CT_grid,73,A_p2_n_samples,0.5357502399562003,146639.0
ElasticNet_SOLO_A_N_CT_grid,73,A_p2_dominant_freq_hz,-1.2262696636983172,2150.5193025862045
ElasticNet_SOLO_A_N_CT_grid,73,A_p2_spectral_energy,0.052357993102634795,11255344482436.26
ElasticNet_SOLO_A_N_CT_grid,73,A_p2_spectral_centroid_hz,-1.1239311611485487,2930.694915570726
ElasticNet_SOLO_A_N_CT_grid,73,A_p3_mean,0.0,-2.6513787120849837e-16
ElasticNet_SOLO_A_N_CT_grid,73,A_p3_std,-0.0,34.00109275570459
ElasticNet_SOLO_A_N_CT_grid,73,A_p3_rms,-0.0,34.00109275570459
ElasticNet_SOLO_A_N_CT_grid,73,A_p3_max,-0.7465536346268683,118.25634622748242
ElasticNet_SOLO_A_N_CT_grid,73,A_p3_min,-1.2168270617768504,-139.9869707725176
ElasticNet_SOLO_A_N_CT_grid,73,A_p3_peak_to_peak,-1.1725025574603976,258.24331700000005
ElasticNet_SOLO_A_N_CT_grid,73,A_p3_skewness,0.26164266006122494,0.0091963397268024
ElasticNet_SOLO_A_N_CT_grid,73,A_p3_kurtosis,-0.580462103156834,-0.3298885037095136
ElasticNet_SOLO_A_N_CT_grid,73,A_p3_crest_factor,-1.131697569484443,4.117131522163535
ElasticNet_SOLO_A_N_CT_grid,73,A_p3_energy,-0.2633060311323848,2946.9721414926203
ElasticNet_SOLO_A_N_CT_grid,73,A_p3_absolute_mean,-0.0,26.970889216538307
ElasticNet_SOLO_A_N_CT_grid,73,A_p3_duration_s,0.35677539582184253,2.549100000000003
ElasticNet_SOLO_A_N_CT_grid,73,A_p3_n_samples,0.356789066295621,127456.0
ElasticNet_SOLO_A_N_CT_grid,73,A_p3_dominant_freq_hz,-0.0,1975.5837309309293
ElasticNet_SOLO_A_N_CT_grid,73,A_p3_spectral_energy,0.7627402427986186,9390232031663.947
ElasticNet_SOLO_A_N_CT_grid,73,A_p3_spectral_centroid_hz,-1.0203647898446506,2799.93029700775
ElasticNet_SOLO_A_N_CT_grid,73,A_p4_mean,1.5688318563840418,-2.65380344874299e-16
ElasticNet_SOLO_A_N_CT_grid,73,A_p4_std,0.43285403296455727,28.42778387038577
ElasticNet_SOLO_A_N_CT_grid,73,A_p4_rms,0.43308114479283444,28.42778387038577
ElasticNet_SOLO_A_N_CT_grid,73,A_p4_max,-0.7400458211086662,140.75524297251525
ElasticNet_SOLO_A_N_CT_grid,73,A_p4_min,-1.627532124827803,-130.23816602748477
ElasticNet_SOLO_A_N_CT_grid,73,A_p4_peak_to_peak,-1.305259732716468,270.99340900000004
ElasticNet_SOLO_A_N_CT_grid,73,A_p4_skewness,-0.9224893944860086,0.1117245516864764
ElasticNet_SOLO_A_N_CT_grid,73,A_p4_kurtosis,-0.6729861568592629,0.0253771670975524
ElasticNet_SOLO_A_N_CT_grid,73,A_p4_crest_factor,-1.1056525074359016,4.951326618152073
ElasticNet_SOLO_A_N_CT_grid,73,A_p4_energy,0.8991892229269585,1748.3115243554882
ElasticNet_SOLO_A_N_CT_grid,73,A_p4_absolute_mean,0.1335504733593852,22.207409671804868
ElasticNet_SOLO_A_N_CT_grid,73,A_p4_duration_s,-0.060993577248416364,2.1633599999999973
ElasticNet_SOLO_A_N_CT_grid,73,A_p4_n_samples,-0.06103569388029971,108169.0
ElasticNet_SOLO_A_N_CT_grid,73,A_p4_dominant_freq_hz,-1.1952441761965935,2125.8401206325784
ElasticNet_SOLO_A_N_CT_grid,73,A_p4_spectral_energy,1.146987590943272,4727827731950.221
ElasticNet_SOLO_A_N_CT_grid,73,A_p4_spectral_centroid_hz,-2.013021904108357,3340.938896154036
ElasticNet_SOLO_A_N_CT_grid,73,A_p5_mean,1.2723035500218838,5.850792231930373e-16
ElasticNet_SOLO_A_N_CT_grid,73,A_p5_std,-0.0,30.84583234376857
ElasticNet_SOLO_A_N_CT_grid,73,A_p5_rms,-0.0,30.84583234376857
ElasticNet_SOLO_A_N_CT_grid,73,A_p5_max,-0.0,131.1736994280493
ElasticNet_SOLO_A_N_CT_grid,73,A_p5_min,-0.10268722194892448,-154.25060157195068
ElasticNet_SOLO_A_N_CT_grid,73,A_p5_peak_to_peak,-0.0,285.424301
ElasticNet_SOLO_A_N_CT_grid,73,A_p5_skewness,1.3445964882443922,0.0510697451849731
ElasticNet_SOLO_A_N_CT_grid,73,A_p5_kurtosis,0.0,-0.0295121690517836
ElasticNet_SOLO_A_N_CT_grid,73,A_p5_crest_factor,-0.737080702090876,5.00069506482655
ElasticNet_SOLO_A_N_CT_grid,73,A_p5_energy,0.0,1728.6222896298395
ElasticNet_SOLO_A_N_CT_grid,73,A_p5_absolute_mean,0.01660553925797141,24.147613327583223
ElasticNet_SOLO_A_N_CT_grid,73,A_p5_duration_s,3.13887074355527,1.8167799999999945
ElasticNet_SOLO_A_N_CT_grid,73,A_p5_n_samples,3.1380001267094704,90840.0
ElasticNet_SOLO_A_N_CT_grid,73,A_p5_dominant_freq_hz,-0.4977955284709279,2152.135622390419
ElasticNet_SOLO_A_N_CT_grid,73,A_p5_spectral_energy,0.028619105061745517,3925701219774.1216
ElasticNet_SOLO_A_N_CT_grid,73,A_p5_spectral_centroid_hz,-0.9966580361684204,3143.5125879013262
ElasticNet_SOLO_A_N_CT_grid,73,A_p6_mean,-0.09122794833638222,5.4614724609852034e-17
ElasticNet_SOLO_A_N_CT_grid,73,A_p6_std,-0.4774479452034063,28.50307337660862
ElasticNet_SOLO_A_N_CT_grid,73,A_p6_rms,-0.47911987028097175,28.50307337660862
ElasticNet_SOLO_A_N_CT_grid,73,A_p6_max,-0.0,121.25831387269044
ElasticNet_SOLO_A_N_CT_grid,73,A_p6_min,-0.0,-155.52185312730956
ElasticNet_SOLO_A_N_CT_grid,73,A_p6_peak_to_peak,-0.0,276.780167
ElasticNet_SOLO_A_N_CT_grid,73,A_p6_skewness,-0.09347548085654414,0.0238650518399533
ElasticNet_SOLO_A_N_CT_grid,73,A_p6_kurtosis,0.8212411118377807,0.517883453752336
ElasticNet_SOLO_A_N_CT_grid,73,A_p6_crest_factor,0.18753266255794637,5.456318729998443
ElasticNet_SOLO_A_N_CT_grid,73,A_p6_energy,0.02890348578217617,1340.2415905939388
ElasticNet_SOLO_A_N_CT_grid,73,A_p6_absolute_mean,-0.7922660524461286,21.48105848312168
ElasticNet_SOLO_A_N_CT_grid,73,A_p6_duration_s,1.2452024290771195,1.6496599999999972
ElasticNet_SOLO_A_N_CT_grid,73,A_p6_n_samples,1.2450000565823058,82484.0
ElasticNet_SOLO_A_N_CT_grid,73,A_p6_dominant_freq_hz,-0.35545895283230605,2116.167983422184
ElasticNet_SOLO_A_N_CT_grid,73,A_p6_spectral_energy,1.0932146228833943,2763712183989.712
ElasticNet_SOLO_A_N_CT_grid,73,A_p6_spectral_centroid_hz,-0.5620373795956904,3651.0026245444537
ElasticNet_SOLO_A_N_CT_grid,73,A_rms_mean_6_contacts,-0.0,31.52351245322455
ElasticNet_SOLO_A_N_CT_grid,73,A_rms_std_6_contacts,-3.0493869811973258,2.52117438086096
ElasticNet_SOLO_A_N_CT_grid,73,A_energy_total_6_contacts,-0.0,14767.489604154309
ElasticNet_SOLO_A_N_CT_grid,73,A_to_R_rms_ratio,2.1015441028243793,1.135877297159867
ElasticNet_SOLO_A_N_CT_grid,73,A_to_R_energy_ratio,2.3140579399744317,1.320778599151492
ElasticNet_SOLO_A_N_CT_grid,74,A_p1_mean,0.0,-2.4201834495254123e-16
ElasticNet_SOLO_A_N_CT_grid,74,A_p1_std,0.8358578726330383,45.04952119122605
ElasticNet_SOLO_A_N_CT_grid,74,A_p1_rms,0.8372625359384116,45.04952119122605
ElasticNet_SOLO_A_N_CT_grid,74,A_p1_max,0.0,233.5116373736965
ElasticNet_SOLO_A_N_CT_grid,74,A_p1_min,0.0,-235.48033562630357
ElasticNet_SOLO_A_N_CT_grid,74,A_p1_peak_to_peak,0.0,468.991973
ElasticNet_SOLO_A_N_CT_grid,74,A_p1_skewness,5.499840731636209,0.1713345143193999
ElasticNet_SOLO_A_N_CT_grid,74,A_p1_kurtosis,-0.007871081867103957,0.4204262869265895
ElasticNet_SOLO_A_N_CT_grid,74,A_p1_crest_factor,0.1757524652303997,5.227144027274728
ElasticNet_SOLO_A_N_CT_grid,74,A_p1_energy,0.28265296001838897,6535.062083715048
ElasticNet_SOLO_A_N_CT_grid,74,A_p1_absolute_mean,1.043700308015193,34.66929700784753
ElasticNet_SOLO_A_N_CT_grid,74,A_p1_duration_s,1.0488568496016115,3.2200799999999994
ElasticNet_SOLO_A_N_CT_grid,74,A_p1_n_samples,1.0487960234085831,161005.0
ElasticNet_SOLO_A_N_CT_grid,74,A_p1_dominant_freq_hz,1.6707587550781335,4981.522313160236
ElasticNet_SOLO_A_N_CT_grid,74,A_p1_spectral_energy,0.13411871926372154,26304441769713.523
ElasticNet_SOLO_A_N_CT_grid,74,A_p1_spectral_centroid_hz,0.22501224943663062,6750.080999296691
ElasticNet_SOLO_A_N_CT_grid,74,A_p2_mean,-0.0,-1.0039550154923068e-15
ElasticNet_SOLO_A_N_CT_grid,74,A_p2_std,-0.0,37.76443579196688
ElasticNet_SOLO_A_N_CT_grid,74,A_p2_rms,-0.0,37.76443579196688
ElasticNet_SOLO_A_N_CT_grid,74,A_p2_max,-0.3368871828639271,211.9251206187521
ElasticNet_SOLO_A_N_CT_grid,74,A_p2_min,-0.9424289098366058,-222.82649638124784
ElasticNet_SOLO_A_N_CT_grid,74,A_p2_peak_to_peak,-0.6727992124928354,434.751617
ElasticNet_SOLO_A_N_CT_grid,74,A_p2_skewness,0.0,0.1825866435651624
ElasticNet_SOLO_A_N_CT_grid,74,A_p2_kurtosis,0.6287717200378699,0.9993249423138462
ElasticNet_SOLO_A_N_CT_grid,74,A_p2_crest_factor,0.2776956744129889,5.900432290547996
ElasticNet_SOLO_A_N_CT_grid,74,A_p2_energy,-0.12771948427092053,4541.269235153912
ElasticNet_SOLO_A_N_CT_grid,74,A_p2_absolute_mean,-0.09739113258628494,27.762762952319232
ElasticNet_SOLO_A_N_CT_grid,74,A_p2_duration_s,-0.6869995005552574,3.184260000000002
ElasticNet_SOLO_A_N_CT_grid,74,A_p2_n_samples,-0.6889692182141389,159214.0
ElasticNet_SOLO_A_N_CT_grid,74,A_p2_dominant_freq_hz,1.0713936984635664,4779.1023404273865
ElasticNet_SOLO_A_N_CT_grid,74,A_p2_spectral_energy,-0.15418367995075308,18075841000422.266
ElasticNet_SOLO_A_N_CT_grid,74,A_p2_spectral_centroid_hz,0.46964987886303355,6636.444915961689
ElasticNet_SOLO_A_N_CT_grid,74,A_p3_mean,0.0,-9.556178687472484e-16
ElasticNet_SOLO_A_N_CT_grid,74,A_p3_std,-0.0,33.77039289353461
ElasticNet_SOLO_A_N_CT_grid,74,A_p3_rms,-0.0,33.77039289353461
ElasticNet_SOLO_A_N_CT_grid,74,A_p3_max,-0.13037166728878147,165.79862299084533
ElasticNet_SOLO_A_N_CT_grid,74,A_p3_min,-0.5890264824032919,-160.18105200915468
ElasticNet_SOLO_A_N_CT_grid,74,A_p3_peak_to_peak,-0.35154695653686996,325.97967500000004
ElasticNet_SOLO_A_N_CT_grid,74,A_p3_skewness,-2.1868817547326476,0.0829632147227297
ElasticNet_SOLO_A_N_CT_grid,74,A_p3_kurtosis,-0.2531795727049188,0.5857239065445148
ElasticNet_SOLO_A_N_CT_grid,74,A_p3_crest_factor,-0.6778478975506631,4.90958525456148
ElasticNet_SOLO_A_N_CT_grid,74,A_p3_energy,-0.40821237121726606,3007.224749272778
ElasticNet_SOLO_A_N_CT_grid,74,A_p3_absolute_mean,-0.0,25.597256568924973
ElasticNet_SOLO_A_N_CT_grid,74,A_p3_duration_s,0.28340973996894125,2.636879999999998
ElasticNet_SOLO_A_N_CT_grid,74,A_p3_n_samples,0.2834205993091951,131845.0
ElasticNet_SOLO_A_N_CT_grid,74,A_p3_dominant_freq_hz,-0.0,2194.2432402514487
ElasticNet_SOLO_A_N_CT_grid,74,A_p3_spectral_energy,0.30994245531098535,9912188676696.744
ElasticNet_SOLO_A_N_CT_grid,74,A_p3_spectral_centroid_hz,0.450268090613291,6904.241513264064
ElasticNet_SOLO_A_N_CT_grid,74,A_p4_mean,0.26932260754735304,-6.395121241326831e-18
ElasticNet_SOLO_A_N_CT_grid,74,A_p4_std,-0.6276510761173332,33.3030808596655
ElasticNet_SOLO_A_N_CT_grid,74,A_p4_rms,-0.6279803949466873,33.3030808596655
ElasticNet_SOLO_A_N_CT_grid,74,A_p4_max,-0.4359552831409298,160.87710826904697
ElasticNet_SOLO_A_N_CT_grid,74,A_p4_min,-0.9197527061401141,-162.72543073095304
ElasticNet_SOLO_A_N_CT_grid,74,A_p4_peak_to_peak,-0.750018728458022,323.602539
ElasticNet_SOLO_A_N_CT_grid,74,A_p4_skewness,-0.7299567437885918,0.0678222928180632
ElasticNet_SOLO_A_N_CT_grid,74,A_p4_kurtosis,-0.6540066507329393,0.4596808693661871
ElasticNet_SOLO_A_N_CT_grid,74,A_p4_crest_factor,-1.127779708289853,4.886197508772691
ElasticNet_SOLO_A_N_CT_grid,74,A_p4_energy,-0.49178142184243084,2464.5647960515807
ElasticNet_SOLO_A_N_CT_grid,74,A_p4_absolute_mean,-0.6682820689926608,25.53869843116128
ElasticNet_SOLO_A_N_CT_grid,74,A_p4_duration_s,-0.3951332937426614,2.2221199999999968
ElasticNet_SOLO_A_N_CT_grid,74,A_p4_n_samples,-0.3954061369538048,111107.0
ElasticNet_SOLO_A_N_CT_grid,74,A_p4_dominant_freq_hz,-1.6728104823351162,1717.2635388159456
ElasticNet_SOLO_A_N_CT_grid,74,A_p4_spectral_energy,-0.41808205971653495,6845760019872.585
ElasticNet_SOLO_A_N_CT_grid,74,A_p4_spectral_centroid_hz,0.8719723134616786,7005.072067324608
ElasticNet_SOLO_A_N_CT_grid,74,A_p5_mean,-0.39581295483652146,-4.514607870356371e-16
ElasticNet_SOLO_A_N_CT_grid,74,A_p5_std,0.0,34.58206174816958
ElasticNet_SOLO_A_N_CT_grid,74,A_p5_rms,0.0,34.58206174816958
ElasticNet_SOLO_A_N_CT_grid,74,A_p5_max,0.0,179.84625222966534
ElasticNet_SOLO_A_N_CT_grid,74,A_p5_min,0.18450429589995046,-202.80047577033463
ElasticNet_SOLO_A_N_CT_grid,74,A_p5_peak_to_peak,0.0,382.646728
ElasticNet_SOLO_A_N_CT_grid,74,A_p5_skewness,0.08617978455622677,0.0191231687460663
ElasticNet_SOLO_A_N_CT_grid,74,A_p5_kurtosis,-0.0,0.725360118919304
ElasticNet_SOLO_A_N_CT_grid,74,A_p5_crest_factor,0.4725222367826577,5.864325766553489
ElasticNet_SOLO_A_N_CT_grid,74,A_p5_energy,-0.0,2308.3628436745835
ElasticNet_SOLO_A_N_CT_grid,74,A_p5_absolute_mean,0.17604470985932422,26.00897922693332
ElasticNet_SOLO_A_N_CT_grid,74,A_p5_duration_s,1.1619972024393224,1.93018
ElasticNet_SOLO_A_N_CT_grid,74,A_p5_n_samples,1.1616749036185767,96510.0
ElasticNet_SOLO_A_N_CT_grid,74,A_p5_dominant_freq_hz,-0.1868359631354398,2305.9786551489506
ElasticNet_SOLO_A_N_CT_grid,74,A_p5_spectral_energy,-0.01125537045685084,5569502451146.202
ElasticNet_SOLO_A_N_CT_grid,74,A_p5_spectral_centroid_hz,0.5459252748267196,6941.406723686484
ElasticNet_SOLO_A_N_CT_grid,74,A_p6_mean,5.659302526963136,1.1566908534305645e-15
ElasticNet_SOLO_A_N_CT_grid,74,A_p6_std,0.5253191906434009,35.872620107640884
ElasticNet_SOLO_A_N_CT_grid,74,A_p6_rms,0.5271587510339875,35.872620107640884
ElasticNet_SOLO_A_N_CT_grid,74,A_p6_max,0.0,183.76089050298617
ElasticNet_SOLO_A_N_CT_grid,74,A_p6_min,0.0,-226.4750104970138
ElasticNet_SOLO_A_N_CT_grid,74,A_p6_peak_to_peak,0.0,410.235901
ElasticNet_SOLO_A_N_CT_grid,74,A_p6_skewness,-0.09142666100096217,0.0225177903297406
ElasticNet_SOLO_A_N_CT_grid,74,A_p6_kurtosis,0.7732124140846149,0.5542008939791034
ElasticNet_SOLO_A_N_CT_grid,74,A_p6_crest_factor,0.017295947489410855,6.313311094016647
ElasticNet_SOLO_A_N_CT_grid,74,A_p6_energy,-0.008127225344518431,1926.278090973187
ElasticNet_SOLO_A_N_CT_grid,74,A_p6_absolute_mean,1.2407343016994195,27.405960688202963
ElasticNet_SOLO_A_N_CT_grid,74,A_p6_duration_s,2.861312618978151,1.4968800000000044
ElasticNet_SOLO_A_N_CT_grid,74,A_p6_n_samples,2.860847593405208,74845.0
ElasticNet_SOLO_A_N_CT_grid,74,A_p6_dominant_freq_hz,-0.20369543411659613,2306.767319213523
ElasticNet_SOLO_A_N_CT_grid,74,A_p6_spectral_energy,0.3665553069823547,3604307092972.1953
ElasticNet_SOLO_A_N_CT_grid,74,A_p6_spectral_centroid_hz,0.33138543086935895,6844.429792364645
ElasticNet_SOLO_A_N_CT_grid,74,A_rms_mean_6_contacts,0.0,36.723685432033925
ElasticNet_SOLO_A_N_CT_grid,74,A_rms_std_6_contacts,-1.2968431689633395,4.00283314351388
ElasticNet_SOLO_A_N_CT_grid,74,A_energy_total_6_contacts,0.0,20782.76179884109
ElasticNet_SOLO_A_N_CT_grid,74,A_to_R_rms_ratio,2.0849389511073966,1.137240255714233
ElasticNet_SOLO_A_N_CT_grid,74,A_to_R_energy_ratio,2.2795372037840083,1.3272565264848848
ElasticNet_SOLO_A_N_CT_grid,75,A_p1_mean,0.0,-5.053199070666362e-16
ElasticNet_SOLO_A_N_CT_grid,75,A_p1_std,2.0681587074849968,50.150456090639736
ElasticNet_SOLO_A_N_CT_grid,75,A_p1_rms,2.071634258462271,50.150456090639736
ElasticNet_SOLO_A_N_CT_grid,75,A_p1_max,-0.0,186.88131308696504
ElasticNet_SOLO_A_N_CT_grid,75,A_p1_min,0.0,-216.77545591303493
ElasticNet_SOLO_A_N_CT_grid,75,A_p1_peak_to_peak,-0.0,403.656769
ElasticNet_SOLO_A_N_CT_grid,75,A_p1_skewness,2.8416914236126867,0.1101720118573024
ElasticNet_SOLO_A_N_CT_grid,75,A_p1_kurtosis,0.14233093991542492,0.1292341788948547
ElasticNet_SOLO_A_N_CT_grid,75,A_p1_crest_factor,3.144144088978698,4.322502182657012
ElasticNet_SOLO_A_N_CT_grid,75,A_p1_energy,1.5070449925708067,8176.386265338601
ElasticNet_SOLO_A_N_CT_grid,75,A_p1_absolute_mean,2.4015189674829753,38.65367251134644
ElasticNet_SOLO_A_N_CT_grid,75,A_p1_duration_s,0.6919360197193103,3.25094
ElasticNet_SOLO_A_N_CT_grid,75,A_p1_n_samples,0.6918958923807631,162548.0
ElasticNet_SOLO_A_N_CT_grid,75,A_p1_dominant_freq_hz,1.5765028284114473,4914.85591966831
ElasticNet_SOLO_A_N_CT_grid,75,A_p1_spectral_energy,1.3346758972266786,33226380866544.33
ElasticNet_SOLO_A_N_CT_grid,75,A_p1_spectral_centroid_hz,0.04457887753433821,5741.985098655379
ElasticNet_SOLO_A_N_CT_grid,75,A_p2_mean,-0.0,-2.3190123495371497e-16
ElasticNet_SOLO_A_N_CT_grid,75,A_p2_std,-0.0,34.6706409134508
ElasticNet_SOLO_A_N_CT_grid,75,A_p2_rms,-0.0,34.6706409134508
ElasticNet_SOLO_A_N_CT_grid,75,A_p2_max,-0.03127944363625675,195.52533473128884
ElasticNet_SOLO_A_N_CT_grid,75,A_p2_min,-0.5179162859989194,-212.04529826871115
ElasticNet_SOLO_A_N_CT_grid,75,A_p2_peak_to_peak,-0.23751959198771216,407.570633
ElasticNet_SOLO_A_N_CT_grid,75,A_p2_skewness,-0.0,-0.1857671567113383
ElasticNet_SOLO_A_N_CT_grid,75,A_p2_kurtosis,1.0276510734931237,1.1548909211471177
ElasticNet_SOLO_A_N_CT_grid,75,A_p2_crest_factor,0.03413571013063526,6.115990148496107
ElasticNet_SOLO_A_N_CT_grid,75,A_p2_energy,-0.022933406327283534,3612.362619289709
ElasticNet_SOLO_A_N_CT_grid,75,A_p2_absolute_mean,-0.025429185175153957,25.81280159973252
ElasticNet_SOLO_A_N_CT_grid,75,A_p2_duration_s,0.18276026068261944,3.005140000000001
ElasticNet_SOLO_A_N_CT_grid,75,A_p2_n_samples,0.1832842583165616,150258.0
ElasticNet_SOLO_A_N_CT_grid,75,A_p2_dominant_freq_hz,1.106016626171976,4818.71181585946
ElasticNet_SOLO_A_N_CT_grid,75,A_p2_spectral_energy,-0.017725248948663196,13569659561391.256
ElasticNet_SOLO_A_N_CT_grid,75,A_p2_spectral_centroid_hz,0.15366147462863403,5901.638213500762
ElasticNet_SOLO_A_N_CT_grid,75,A_p3_mean,-0.0,5.198470896596083e-16
ElasticNet_SOLO_A_N_CT_grid,75,A_p3_std,0.0,28.791529109472386
ElasticNet_SOLO_A_N_CT_grid,75,A_p3_rms,0.0,28.791529109472386
ElasticNet_SOLO_A_N_CT_grid,75,A_p3_max,-0.3326432500608453,150.19211050062088
ElasticNet_SOLO_A_N_CT_grid,75,A_p3_min,-0.5181406243321602,-162.4611944993791
ElasticNet_SOLO_A_N_CT_grid,75,A_p3_peak_to_peak,-0.5130607788696165,312.653305
ElasticNet_SOLO_A_N_CT_grid,75,A_p3_skewness,7.326137758979087,-0.2036362233150841
ElasticNet_SOLO_A_N_CT_grid,75,A_p3_kurtosis,-0.24103080769962848,0.6197115440537462
ElasticNet_SOLO_A_N_CT_grid,75,A_p3_crest_factor,-0.25799777167277677,5.642673366935886
ElasticNet_SOLO_A_N_CT_grid,75,A_p3_energy,1.4941381823964452,2216.220147955049
ElasticNet_SOLO_A_N_CT_grid,75,A_p3_absolute_mean,0.0,21.874337752163758
ElasticNet_SOLO_A_N_CT_grid,75,A_p3_duration_s,0.25280310614194357,2.673500000000004
ElasticNet_SOLO_A_N_CT_grid,75,A_p3_n_samples,0.2528127927354548,133676.0
ElasticNet_SOLO_A_N_CT_grid,75,A_p3_dominant_freq_hz,-0.0,2063.1975822918184
ElasticNet_SOLO_A_N_CT_grid,75,A_p3_spectral_energy,2.4837280899310312,7406386112681.881
ElasticNet_SOLO_A_N_CT_grid,75,A_p3_spectral_centroid_hz,0.41878062780789477,6816.364825287797
ElasticNet_SOLO_A_N_CT_grid,75,A_p4_mean,3.8476843780586827,-7.195434302704223e-16
ElasticNet_SOLO_A_N_CT_grid,75,A_p4_std,0.1202329872015703,29.86494851027444
ElasticNet_SOLO_A_N_CT_grid,75,A_p4_rms,0.12029607159368179,29.86494851027444
ElasticNet_SOLO_A_N_CT_grid,75,A_p4_max,0.22045819270614497,204.31240759830263
ElasticNet_SOLO_A_N_CT_grid,75,A_p4_min,0.5617617655615696,-230.72734140169737
ElasticNet_SOLO_A_N_CT_grid,75,A_p4_peak_to_peak,0.4260985803087147,435.039749
ElasticNet_SOLO_A_N_CT_grid,75,A_p4_skewness,0.07801712310737538,-0.116415953187945
ElasticNet_SOLO_A_N_CT_grid,75,A_p4_kurtosis,-0.6421127788647505,0.7318456218250962
ElasticNet_SOLO_A_N_CT_grid,75,A_p4_crest_factor,-0.1630801028811381,7.725690245952383
ElasticNet_SOLO_A_N_CT_grid,75,A_p4_energy,0.44935558968675227,1979.944602119437
ElasticNet_SOLO_A_N_CT_grid,75,A_p4_absolute_mean,-0.0007876807186934069,22.765530175769783
ElasticNet_SOLO_A_N_CT_grid,75,A_p4_duration_s,-0.38228176618519194,2.219859999999997
ElasticNet_SOLO_A_N_CT_grid,75,A_p4_n_samples,-0.3825457352971315,110994.0
ElasticNet_SOLO_A_N_CT_grid,75,A_p4_dominant_freq_hz,-0.9867925548972025,2304.1786043361094
ElasticNet_SOLO_A_N_CT_grid,75,A_p4_spectral_energy,0.580779645421689,5494049279338.089
ElasticNet_SOLO_A_N_CT_grid,75,A_p4_spectral_centroid_hz,0.7016843976651597,6788.795169048856
ElasticNet_SOLO_A_N_CT_grid,75,A_p5_mean,-0.7921333973967712,-6.9772775603256825e-16
ElasticNet_SOLO_A_N_CT_grid,75,A_p5_std,-0.0,27.829698192966664
ElasticNet_SOLO_A_N_CT_grid,75,A_p5_rms,-0.0,27.829698192966664
ElasticNet_SOLO_A_N_CT_grid,75,A_p5_max,-0.0,143.2760223493157
ElasticNet_SOLO_A_N_CT_grid,75,A_p5_min,-0.12570042545822863,-150.36020765068432
ElasticNet_SOLO_A_N_CT_grid,75,A_p5_peak_to_peak,-0.0,293.63623
ElasticNet_SOLO_A_N_CT_grid,75,A_p5_skewness,-1.8316054273374363,-0.0295623514680295
ElasticNet_SOLO_A_N_CT_grid,75,A_p5_kurtosis,-0.0,1.148196362435006
ElasticNet_SOLO_A_N_CT_grid,75,A_p5_crest_factor,-0.17379536223172384,5.402868784566428
ElasticNet_SOLO_A_N_CT_grid,75,A_p5_energy,0.0,1574.2791150585936
ElasticNet_SOLO_A_N_CT_grid,75,A_p5_absolute_mean,-0.29371935177434916,20.5247384235777
ElasticNet_SOLO_A_N_CT_grid,75,A_p5_duration_s,-0.6241620834754175,2.0326400000000007
ElasticNet_SOLO_A_N_CT_grid,75,A_p5_n_samples,-0.6239889619713082,101633.0
ElasticNet_SOLO_A_N_CT_grid,75,A_p5_dominant_freq_hz,-0.1880994215972111,2305.353576189525
ElasticNet_SOLO_A_N_CT_grid,75,A_p5_spectral_energy,0.02681758661306096,3999967732518.7495
ElasticNet_SOLO_A_N_CT_grid,75,A_p5_spectral_centroid_hz,0.5083835524253375,6848.977688353862
ElasticNet_SOLO_A_N_CT_grid,75,A_p6_mean,-1.293877413915445,-1.75870318995562e-16
ElasticNet_SOLO_A_N_CT_grid,75,A_p6_std,-0.029611949513090253,31.79431436377071
ElasticNet_SOLO_A_N_CT_grid,75,A_p6_rms,-0.02971564450535888,31.79431436377071
ElasticNet_SOLO_A_N_CT_grid,75,A_p6_max,0.0,196.3190379812756
ElasticNet_SOLO_A_N_CT_grid,75,A_p6_min,0.0,-230.2206500187244
ElasticNet_SOLO_A_N_CT_grid,75,A_p6_peak_to_peak,0.0,426.539688
ElasticNet_SOLO_A_N_CT_grid,75,A_p6_skewness,0.1802891015812389,-0.156156868473343
ElasticNet_SOLO_A_N_CT_grid,75,A_p6_kurtosis,0.25987323056644746,0.9423680937081396
ElasticNet_SOLO_A_N_CT_grid,75,A_p6_crest_factor,-0.1669718657387958,7.240937715614287
ElasticNet_SOLO_A_N_CT_grid,75,A_p6_energy,0.018209321688956843,1509.4841006345794
ElasticNet_SOLO_A_N_CT_grid,75,A_p6_absolute_mean,0.07169523299989064,23.998955794258844
ElasticNet_SOLO_A_N_CT_grid,75,A_p6_duration_s,2.900028179228545,1.4932199999999938
ElasticNet_SOLO_A_N_CT_grid,75,A_p6_n_samples,2.899556861534359,74662.0
ElasticNet_SOLO_A_N_CT_grid,75,A_p6_dominant_freq_hz,-0.20239287128767394,2308.403203859056
ElasticNet_SOLO_A_N_CT_grid,75,A_p6_spectral_energy,1.0466934802557786,2817527548077.2583
ElasticNet_SOLO_A_N_CT_grid,75,A_p6_spectral_centroid_hz,0.2722109926457895,6632.918225332592
ElasticNet_SOLO_A_N_CT_grid,75,A_rms_mean_6_contacts,0.0,33.850264530095785
ElasticNet_SOLO_A_N_CT_grid,75,A_rms_std_6_contacts,2.9807358525469265,7.61924055993218
ElasticNet_SOLO_A_N_CT_grid,75,A_energy_total_6_contacts,0.0,19068.676850395965
ElasticNet_SOLO_A_N_CT_grid,75,A_to_R_rms_ratio,2.738221305748763,1.0836185370542253
ElasticNet_SOLO_A_N_CT_grid,75,A_to_R_energy_ratio,2.858861167739577,1.2185445187137895
ElasticNet_SOLO_A_N_CT_grid,76,A_p1_mean,-0.0,1.7205030287657365e-15
ElasticNet_SOLO_A_N_CT_grid,76,A_p1_std,6.5646735612461695,68.76314293998189
ElasticNet_SOLO_A_N_CT_grid,76,A_p1_rms,6.575705527762425,68.76314293998189
ElasticNet_SOLO_A_N_CT_grid,76,A_p1_max,0.0,252.6480419642391
ElasticNet_SOLO_A_N_CT_grid,76,A_p1_min,0.0,-265.59142903576094
ElasticNet_SOLO_A_N_CT_grid,76,A_p1_peak_to_peak,0.0,518.2394710000001
ElasticNet_SOLO_A_N_CT_grid,76,A_p1_skewness,5.915421191736075,0.1808967841427445
ElasticNet_SOLO_A_N_CT_grid,76,A_p1_kurtosis,0.04592581190669198,0.3161318791839829
ElasticNet_SOLO_A_N_CT_grid,76,A_p1_crest_factor,4.653840698863436,3.862409681703692
ElasticNet_SOLO_A_N_CT_grid,76,A_p1_energy,7.350309163496059,16009.40912760027
ElasticNet_SOLO_A_N_CT_grid,76,A_p1_absolute_mean,6.642352814041968,51.09795170490368
ElasticNet_SOLO_A_N_CT_grid,76,A_p1_duration_s,-0.8678288253204702,3.3858000000000037
ElasticNet_SOLO_A_N_CT_grid,76,A_p1_n_samples,-0.8677784974575966,169291.0
ElasticNet_SOLO_A_N_CT_grid,76,A_p1_dominant_freq_hz,1.5978755385454118,4929.972650829613
ElasticNet_SOLO_A_N_CT_grid,76,A_p1_spectral_energy,7.323611665860753,67756222015514.36
ElasticNet_SOLO_A_N_CT_grid,76,A_p1_spectral_centroid_hz,0.001038593804408828,5498.721997832378
ElasticNet_SOLO_A_N_CT_grid,76,A_p2_mean,0.0,4.73176166672889e-16
ElasticNet_SOLO_A_N_CT_grid,76,A_p2_std,-0.0,34.251907811764234
ElasticNet_SOLO_A_N_CT_grid,76,A_p2_rms,-0.0,34.251907811764234
ElasticNet_SOLO_A_N_CT_grid,76,A_p2_max,-0.9807682342740718,246.47762052208245
ElasticNet_SOLO_A_N_CT_grid,76,A_p2_min,-1.9956690469382665,-249.57526647791755
ElasticNet_SOLO_A_N_CT_grid,76,A_p2_peak_to_peak,-1.6544852891294306,496.052887
ElasticNet_SOLO_A_N_CT_grid,76,A_p2_skewness,-0.0,-0.0047146382347386
ElasticNet_SOLO_A_N_CT_grid,76,A_p2_kurtosis,3.416450292710321,2.08654076853729
ElasticNet_SOLO_A_N_CT_grid,76,A_p2_crest_factor,-1.2883880064736735,7.286463219785904
ElasticNet_SOLO_A_N_CT_grid,76,A_p2_energy,-0.035796366121325654,3726.39006154886
ElasticNet_SOLO_A_N_CT_grid,76,A_p2_absolute_mean,0.011952127636215245,24.799875769992543
ElasticNet_SOLO_A_N_CT_grid,76,A_p2_duration_s,-0.6481535978648526,3.176259999999999
ElasticNet_SOLO_A_N_CT_grid,76,A_p2_n_samples,-0.6500119392266132,158814.0
ElasticNet_SOLO_A_N_CT_grid,76,A_p2_dominant_freq_hz,1.0043093581145084,4702.356215625021
ElasticNet_SOLO_A_N_CT_grid,76,A_p2_spectral_energy,-0.054833822488749656,14795072781280.13
ElasticNet_SOLO_A_N_CT_grid,76,A_p2_spectral_centroid_hz,0.4088814641120621,6495.132646718366
ElasticNet_SOLO_A_N_CT_grid,76,A_p3_mean,-0.0,7.419366125351033e-16
ElasticNet_SOLO_A_N_CT_grid,76,A_p3_std,-0.0,36.43155989218363
ElasticNet_SOLO_A_N_CT_grid,76,A_p3_rms,-0.0,36.43155989218363
ElasticNet_SOLO_A_N_CT_grid,76,A_p3_max,0.2577059353154562,195.7412272322152
ElasticNet_SOLO_A_N_CT_grid,76,A_p3_min,0.25224329622132663,-187.2416677677848
ElasticNet_SOLO_A_N_CT_grid,76,A_p3_peak_to_peak,0.3393244471142683,382.982895
ElasticNet_SOLO_A_N_CT_grid,76,A_p3_skewness,0.6456696900893654,-0.0023732708304719
ElasticNet_SOLO_A_N_CT_grid,76,A_p3_kurtosis,0.08972325022780461,1.545035971734226
ElasticNet_SOLO_A_N_CT_grid,76,A_p3_crest_factor,-0.41253074927714783,5.372847822368742
ElasticNet_SOLO_A_N_CT_grid,76,A_p3_energy,-1.3844583852402699,3413.151557895608
ElasticNet_SOLO_A_N_CT_grid,76,A_p3_absolute_mean,-0.0,26.943075706016344
ElasticNet_SOLO_A_N_CT_grid,76,A_p3_duration_s,0.33800354995198717,2.571559999999998
ElasticNet_SOLO_A_N_CT_grid,76,A_p3_n_samples,0.3380165011496296,128579.0
ElasticNet_SOLO_A_N_CT_grid,76,A_p3_dominant_freq_hz,0.0,4914.877235193338
ElasticNet_SOLO_A_N_CT_grid,76,A_p3_spectral_energy,-0.609002557382207,10971490354066.49
ElasticNet_SOLO_A_N_CT_grid,76,A_p3_spectral_centroid_hz,0.16339683288318502,6103.627752774366
ElasticNet_SOLO_A_N_CT_grid,76,A_p4_mean,1.385178490489788,-2.28779214039986e-16
ElasticNet_SOLO_A_N_CT_grid,76,A_p4_std,-1.1485821213187712,35.69787701344509
ElasticNet_SOLO_A_N_CT_grid,76,A_p4_rms,-1.1491847646249052,35.69787701344509
ElasticNet_SOLO_A_N_CT_grid,76,A_p4_max,0.5906106351412492,228.80563134553944
ElasticNet_SOLO_A_N_CT_grid,76,A_p4_min,1.091651906437208,-255.0494406544605
ElasticNet_SOLO_A_N_CT_grid,76,A_p4_peak_to_peak,0.9412994392797803,483.855072
ElasticNet_SOLO_A_N_CT_grid,76,A_p4_skewness,-0.7588377587282565,0.0744078864286574
ElasticNet_SOLO_A_N_CT_grid,76,A_p4_kurtosis,-0.6287419740161478,1.0378066942265285
ElasticNet_SOLO_A_N_CT_grid,76,A_p4_crest_factor,-0.3604790874277648,7.144666909978985
ElasticNet_SOLO_A_N_CT_grid,76,A_p4_energy,-1.2703574583120303,2865.477378558296
ElasticNet_SOLO_A_N_CT_grid,76,A_p4_absolute_mean,-0.9902677471518232,26.876418233826048
ElasticNet_SOLO_A_N_CT_grid,76,A_p4_duration_s,-0.5455985234642445,2.248580000000004
ElasticNet_SOLO_A_N_CT_grid,76,A_p4_n_samples,-0.5459752643146786,112430.0
ElasticNet_SOLO_A_N_CT_grid,76,A_p4_dominant_freq_hz,1.88768756603665,4763.40834314929
ElasticNet_SOLO_A_N_CT_grid,76,A_p4_spectral_energy,-1.3110283036788546,8054140541895.678
ElasticNet_SOLO_A_N_CT_grid,76,A_p4_spectral_centroid_hz,0.3497526512487951,6341.818610767111
ElasticNet_SOLO_A_N_CT_grid,76,A_p5_mean,0.9509348337640173,3.8538601743257967e-16
ElasticNet_SOLO_A_N_CT_grid,76,A_p5_std,0.0,37.05766009536369
ElasticNet_SOLO_A_N_CT_grid,76,A_p5_rms,0.0,37.05766009536369
ElasticNet_SOLO_A_N_CT_grid,76,A_p5_max,0.0,204.6017214563932
ElasticNet_SOLO_A_N_CT_grid,76,A_p5_min,0.20510180049055138,-206.2824945436068
ElasticNet_SOLO_A_N_CT_grid,76,A_p5_peak_to_peak,0.0,410.884216
ElasticNet_SOLO_A_N_CT_grid,76,A_p5_skewness,1.6823571918176867,0.0596442484501785
ElasticNet_SOLO_A_N_CT_grid,76,A_p5_kurtosis,0.0,0.5964242664713653
ElasticNet_SOLO_A_N_CT_grid,76,A_p5_crest_factor,0.055425769795936455,5.5665277843437
ElasticNet_SOLO_A_N_CT_grid,76,A_p5_energy,-0.0,2490.3979910534194
ElasticNet_SOLO_A_N_CT_grid,76,A_p5_absolute_mean,0.38867304997708735,28.491299851393848
ElasticNet_SOLO_A_N_CT_grid,76,A_p5_duration_s,3.1967474645120193,1.8134599999999992
ElasticNet_SOLO_A_N_CT_grid,76,A_p5_n_samples,3.195860794616541,90674.0
ElasticNet_SOLO_A_N_CT_grid,76,A_p5_dominant_freq_hz,5.283720227536361,5012.46222750961
ElasticNet_SOLO_A_N_CT_grid,76,A_p5_spectral_energy,-0.01309545155956271,5645358686071.515
ElasticNet_SOLO_A_N_CT_grid,76,A_p5_spectral_centroid_hz,0.3053664598826129,6349.142496480328
ElasticNet_SOLO_A_N_CT_grid,76,A_p6_mean,1.6836522944982035,3.9476649939748573e-16
ElasticNet_SOLO_A_N_CT_grid,76,A_p6_std,0.7563953278927253,37.57084727425744
ElasticNet_SOLO_A_N_CT_grid,76,A_p6_rms,0.7590440696664876,37.57084727425744
ElasticNet_SOLO_A_N_CT_grid,76,A_p6_max,0.0,185.53531099561724
ElasticNet_SOLO_A_N_CT_grid,76,A_p6_min,-0.0,-199.8007030043828
ElasticNet_SOLO_A_N_CT_grid,76,A_p6_peak_to_peak,0.0,385.336014
ElasticNet_SOLO_A_N_CT_grid,76,A_p6_skewness,0.062180957479716144,-0.0784913986873536
ElasticNet_SOLO_A_N_CT_grid,76,A_p6_kurtosis,0.2656572949394992,0.937994408349947
ElasticNet_SOLO_A_N_CT_grid,76,A_p6_crest_factor,0.21501451986993894,5.317971712106716
ElasticNet_SOLO_A_N_CT_grid,76,A_p6_energy,-0.02357606413592231,2170.7666018543887
ElasticNet_SOLO_A_N_CT_grid,76,A_p6_absolute_mean,1.455424265979882,28.031645302659783
ElasticNet_SOLO_A_N_CT_grid,76,A_p6_duration_s,2.4282484013152477,1.5378199999999964
ElasticNet_SOLO_A_N_CT_grid,76,A_p6_n_samples,2.4278537581026183,76892.0
ElasticNet_SOLO_A_N_CT_grid,76,A_p6_dominant_freq_hz,1.7263147670561685,4730.661187298688
ElasticNet_SOLO_A_N_CT_grid,76,A_p6_spectral_energy,-0.12493902976830519,4172864638751.4497
ElasticNet_SOLO_A_N_CT_grid,76,A_p6_spectral_centroid_hz,0.18977315686845203,6338.254577456156
ElasticNet_SOLO_A_N_CT_grid,76,A_rms_mean_6_contacts,0.0,41.62883250449933
ElasticNet_SOLO_A_N_CT_grid,76,A_rms_std_6_contacts,8.376339474793985,12.180863117324105
ElasticNet_SOLO_A_N_CT_grid,76,A_energy_total_6_contacts,0.0,30675.59271851084
ElasticNet_SOLO_A_N_CT_grid,76,A_to_R_rms_ratio,0.00482372915083109,1.307977077885691
ElasticNet_SOLO_A_N_CT_grid,76,A_to_R_energy_ratio,-0.06440786035181137,1.76710536734329
ElasticNet_SOLO_A_N_CT_grid,77,A_p1_mean,0.0,-2.201328407917022e-16
ElasticNet_SOLO_A_N_CT_grid,77,A_p1_std,-0.18067735257365125,40.84171749582152
ElasticNet_SOLO_A_N_CT_grid,77,A_p1_rms,-0.18098098176179628,40.84171749582152
ElasticNet_SOLO_A_N_CT_grid,77,A_p1_max,0.0,203.8572904954009
ElasticNet_SOLO_A_N_CT_grid,77,A_p1_min,0.0,-236.46497550459912
ElasticNet_SOLO_A_N_CT_grid,77,A_p1_peak_to_peak,0.0,440.322266
ElasticNet_SOLO_A_N_CT_grid,77,A_p1_skewness,6.417901480491185,0.1924585695568947
ElasticNet_SOLO_A_N_CT_grid,77,A_p1_kurtosis,-0.22671103621484756,0.8446846748752685
ElasticNet_SOLO_A_N_CT_grid,77,A_p1_crest_factor,-1.6704523962522817,5.7897901950081225
ElasticNet_SOLO_A_N_CT_grid,77,A_p1_energy,-0.4474118586456514,5556.3942966273335
ElasticNet_SOLO_A_N_CT_grid,77,A_p1_absolute_mean,-0.352464160698442,30.572399775503843
ElasticNet_SOLO_A_N_CT_grid,77,A_p1_duration_s,-0.23471650426545232,3.331060000000001
ElasticNet_SOLO_A_N_CT_grid,77,A_p1_n_samples,-0.23470289238751055,166554.0
ElasticNet_SOLO_A_N_CT_grid,77,A_p1_dominant_freq_hz,1.3817788340619455,4777.129339614308
ElasticNet_SOLO_A_N_CT_grid,77,A_p1_spectral_energy,-0.41542449252970787,23135992392262.65
ElasticNet_SOLO_A_N_CT_grid,77,A_p1_spectral_centroid_hz,0.10878410592238134,6100.704923349312
ElasticNet_SOLO_A_N_CT_grid,77,A_p2_mean,0.0,7.937702047857572e-17
ElasticNet_SOLO_A_N_CT_grid,77,A_p2_std,0.0,28.20848906090293
ElasticNet_SOLO_A_N_CT_grid,77,A_p2_rms,0.0,28.20848906090293
ElasticNet_SOLO_A_N_CT_grid,77,A_p2_max,0.3472661218420131,175.21149635081684
ElasticNet_SOLO_A_N_CT_grid,77,A_p2_min,1.9714692454371658,-148.82324764918314
ElasticNet_SOLO_A_N_CT_grid,77,A_p2_peak_to_peak,1.1002344077379074,324.034744
ElasticNet_SOLO_A_N_CT_grid,77,A_p2_skewness,0.0,0.1088765637505238
ElasticNet_SOLO_A_N_CT_grid,77,A_p2_kurtosis,0.2987275736373251,0.870605217293654
ElasticNet_SOLO_A_N_CT_grid,77,A_p2_crest_factor,-0.07355973128058026,6.211303837384917
ElasticNet_SOLO_A_N_CT_grid,77,A_p2_energy,0.11522850310423265,2387.586253478993
ElasticNet_SOLO_A_N_CT_grid,77,A_p2_absolute_mean,0.13707826054541322,21.40931823021946
ElasticNet_SOLO_A_N_CT_grid,77,A_p2_duration_s,0.20519376948633397,3.000519999999998
ElasticNet_SOLO_A_N_CT_grid,77,A_p2_n_samples,0.20578208693185765,150027.0
ElasticNet_SOLO_A_N_CT_grid,77,A_p2_dominant_freq_hz,1.054238721659095,4759.476627720559
ElasticNet_SOLO_A_N_CT_grid,77,A_p2_spectral_energy,0.12201635148293488,8955060071267.33
ElasticNet_SOLO_A_N_CT_grid,77,A_p2_spectral_centroid_hz,0.537317482422559,6793.800717531306
ElasticNet_SOLO_A_N_CT_grid,77,A_p3_mean,0.0,-5.446083746837995e-16
ElasticNet_SOLO_A_N_CT_grid,77,A_p3_std,0.0,27.89897631518946
ElasticNet_SOLO_A_N_CT_grid,77,A_p3_rms,0.0,27.89897631518946
ElasticNet_SOLO_A_N_CT_grid,77,A_p3_max,1.517791568025428,292.9646824310668
ElasticNet_SOLO_A_N_CT_grid,77,A_p3_min,5.3245205054416385,-350.3985385689332
ElasticNet_SOLO_A_N_CT_grid,77,A_p3_peak_to_peak,3.4950991789059307,643.363221
ElasticNet_SOLO_A_N_CT_grid,77,A_p3_skewness,0.6865625846557721,-0.0036052540704494
ElasticNet_SOLO_A_N_CT_grid,77,A_p3_kurtosis,1.2668262916786037,4.838123908361694
ElasticNet_SOLO_A_N_CT_grid,77,A_p3_crest_factor,3.7033961351141103,12.55954822894919
ElasticNet_SOLO_A_N_CT_grid,77,A_p3_energy,1.8516391429551422,2067.5698877597038
ElasticNet_SOLO_A_N_CT_grid,77,A_p3_absolute_mean,0.0,20.288686830822343
ElasticNet_SOLO_A_N_CT_grid,77,A_p3_duration_s,0.2671619802311798,2.656320000000001
ElasticNet_SOLO_A_N_CT_grid,77,A_p3_n_samples,0.2671722170100823,132817.0
ElasticNet_SOLO_A_N_CT_grid,77,A_p3_dominant_freq_hz,-0.0,2238.418274853784
ElasticNet_SOLO_A_N_CT_grid,77,A_p3_spectral_energy,2.9531981343462244,6865210744564.507
ElasticNet_SOLO_A_N_CT_grid,77,A_p3_spectral_centroid_hz,0.5185757400517963,7094.877704982599
ElasticNet_SOLO_A_N_CT_grid,77,A_p4_mean,0.3083666356530346,-1.417638663788636e-17
ElasticNet_SOLO_A_N_CT_grid,77,A_p4_std,4.150510910687179,11.337171832856573
ElasticNet_SOLO_A_N_CT_grid,77,A_p4_rms,4.152688619682413,11.337171832856573
ElasticNet_SOLO_A_N_CT_grid,77,A_p4_max,1.0087002452229106,256.4708881212542
ElasticNet_SOLO_A_N_CT_grid,77,A_p4_min,2.020106150250036,-297.6657388787458
ElasticNet_SOLO_A_N_CT_grid,77,A_p4_peak_to_peak,1.6830566433819054,554.136627
ElasticNet_SOLO_A_N_CT_grid,77,A_p4_skewness,5.330386922067709,-1.314087609145079
ElasticNet_SOLO_A_N_CT_grid,77,A_p4_kurtosis,5.827700850763088,148.77911269155757
ElasticNet_SOLO_A_N_CT_grid,77,A_p4_crest_factor,6.132383586621486,26.25573143524847
ElasticNet_SOLO_A_N_CT_grid,77,A_p4_energy,4.0392062381653835,131.42085250468605
ElasticNet_SOLO_A_N_CT_grid,77,A_p4_absolute_mean,4.414621696527338,4.421296374494873
ElasticNet_SOLO_A_N_CT_grid,77,A_p4_duration_s,6.426753232627148,1.0224599999999953
ElasticNet_SOLO_A_N_CT_grid,77,A_p4_n_samples,6.431190965455335,51124.0
ElasticNet_SOLO_A_N_CT_grid,77,A_p4_dominant_freq_hz,8.213351328538986,10175.26015217302
ElasticNet_SOLO_A_N_CT_grid,77,A_p4_spectral_energy,4.516545988309651,167968991597.31433
ElasticNet_SOLO_A_N_CT_grid,77,A_p4_spectral_centroid_hz,2.3187598211165157,8842.587742797394
ElasticNet_SOLO_A_N_CT_grid,77,A_p5_mean,-0.32858865213292915,
ElasticNet_SOLO_A_N_CT_grid,77,A_p5_std,-0.0,
ElasticNet_SOLO_A_N_CT_grid,77,A_p5_rms,-0.0,
ElasticNet_SOLO_A_N_CT_grid,77,A_p5_max,-0.0,
ElasticNet_SOLO_A_N_CT_grid,77,A_p5_min,-0.04190113091122195,
ElasticNet_SOLO_A_N_CT_grid,77,A_p5_peak_to_peak,-0.0,
ElasticNet_SOLO_A_N_CT_grid,77,A_p5_skewness,0.3906990517976245,
ElasticNet_SOLO_A_N_CT_grid,77,A_p5_kurtosis,-0.0,
ElasticNet_SOLO_A_N_CT_grid,77,A_p5_crest_factor,0.055425769795936455,
ElasticNet_SOLO_A_N_CT_grid,77,A_p5_energy,0.0,
ElasticNet_SOLO_A_N_CT_grid,77,A_p5_absolute_mean,0.01660553925797141,
ElasticNet_SOLO_A_N_CT_grid,77,A_p5_duration_s,1.1619972024393224,
ElasticNet_SOLO_A_N_CT_grid,77,A_p5_n_samples,1.1616749036185767,
ElasticNet_SOLO_A_N_CT_grid,77,A_p5_dominant_freq_hz,-0.37189541794426234,
ElasticNet_SOLO_A_N_CT_grid,77,A_p5_spectral_energy,-0.00594754099304287,
ElasticNet_SOLO_A_N_CT_grid,77,A_p5_spectral_centroid_hz,0.3053664598826129,
ElasticNet_SOLO_A_N_CT_grid,77,A_p6_mean,-0.34699491148071065,
ElasticNet_SOLO_A_N_CT_grid,77,A_p6_std,-0.029611949513090253,
ElasticNet_SOLO_A_N_CT_grid,77,A_p6_rms,-0.02971564450535888,
ElasticNet_SOLO_A_N_CT_grid,77,A_p6_max,0.0,
ElasticNet_SOLO_A_N_CT_grid,77,A_p6_min,-0.0,
ElasticNet_SOLO_A_N_CT_grid,77,A_p6_peak_to_peak,0.0,
ElasticNet_SOLO_A_N_CT_grid,77,A_p6_skewness,0.002586715496960856,
ElasticNet_SOLO_A_N_CT_grid,77,A_p6_kurtosis,0.2656572949394992,
ElasticNet_SOLO_A_N_CT_grid,77,A_p6_crest_factor,0.017295947489410855,
ElasticNet_SOLO_A_N_CT_grid,77,A_p6_energy,0.018209321688956843,
ElasticNet_SOLO_A_N_CT_grid,77,A_p6_absolute_mean,0.07169523299989064,
ElasticNet_SOLO_A_N_CT_grid,77,A_p6_duration_s,1.5009789992551483,
ElasticNet_SOLO_A_N_CT_grid,77,A_p6_n_samples,1.500735057501129,
ElasticNet_SOLO_A_N_CT_grid,77,A_p6_dominant_freq_hz,-0.26426495315693493,
ElasticNet_SOLO_A_N_CT_grid,77,A_p6_spectral_energy,0.3665553069823547,
ElasticNet_SOLO_A_N_CT_grid,77,A_p6_spectral_centroid_hz,0.2521485969744172,
ElasticNet_SOLO_A_N_CT_grid,77,A_rms_mean_6_contacts,-0.0,27.07158867619262
ElasticNet_SOLO_A_N_CT_grid,77,A_rms_std_6_contacts,6.362311748097259,10.478137166249434
ElasticNet_SOLO_A_N_CT_grid,77,A_energy_total_6_contacts,-0.0,10142.971290370717
ElasticNet_SOLO_A_N_CT_grid,77,A_to_R_rms_ratio,-0.31825244434334277,1.3344953200481733
ElasticNet_SOLO_A_N_CT_grid,77,A_to_R_energy_ratio,-0.0663896539977016,1.7674772573040671
